first_name,last_name,email,preferred_name,gpa,address,phone,password
Madelon,Lorkin,florkin0@simplemachines.org,Fitzgerald,3.47,08 Burrows Alley,(215) 8169970,Hunter2
Belva,Turmall,pturmall1@dropbox.com,Percival,2.8,65 Lotheville Lane,(664) 5715299,Password
Cirstoforo,Bethel,wbethel2@imageshack.us,Wynne,0.54,81887 Evergreen Circle,(608) 6158587,Passw0rd!
Kiele,Somerset,asomerset3@fda.gov,Artus,3.38,372 Sommers Parkway,(911) 9693046,Hunter2
August,Burcombe,tburcombe4@wired.com,Tildy,2.04,27243 Haas Junction,(454) 9092709,Password
Morganne,Delamar,cdelamar5@fotki.com,Charline,3.62,8800 Vernon Lane,(733) 1314336,Passw0rd!
Jeth,Dignan,cdignan6@sfgate.com,Coletta,2.7,993 Bonner Terrace,(319) 5371380,Hunter2
Niven,Spurman,jspurman7@addtoany.com,Jenda,3.24,74999 Arizona Avenue,(619) 4249408,Password
Adler,Lukacs,jlukacs8@rambler.ru,Janel,1.72,93733 Dryden Lane,(216) 9034846,Passw0rd!
Maitilde,Breffitt,dbreffitt9@virginia.edu,Dagmar,3.6,14 Mendota Pass,(969) 2109272,Hunter2
Napoleon,Matuszewski,kmatuszewskia@archive.org,Kristal,0.28,1264 Dwight Junction,(934) 8429821,Password
Germana,Kem,jkemb@webnode.com,Jae,1.05,04194 Dayton Court,(471) 9975515,Passw0rd!
Nicholle,Crunkhurn,rcrunkhurnc@cpanel.net,Rhodie,1.48,1281 Monica Hill,(760) 8867661,Hunter2
Brucie,Byrch,ebyrchd@flickr.com,Erica,3.38,7 Melvin Pass,(971) 1320749,Password
Korrie,Devine,ndevinee@livejournal.com,Noami,1.09,3017 Myrtle Road,(525) 2393520,Passw0rd!
Welch,McAllaster,tmcallasterf@businessinsider.com,Thornie,2.03,445 Hooker Terrace,(159) 6877589,Hunter2
Zuzana,Errington,berringtong@nhs.uk,Bevvy,1.11,16874 La Follette Place,(233) 4444750,Password
Amie,Worthing,zworthingh@yandex.ru,Zaneta,2.68,084 Westridge Center,(488) 3078421,Passw0rd!
Clementine,Walklate,jwalklatei@ebay.co.uk,Jerald,0.1,794 Schmedeman Drive,(300) 8402221,Hunter2
Alie,Sherrett,bsherrettj@dagondesign.com,Blondelle,3.98,35 Northfield Court,(224) 4878942,Password
Riannon,Rousby,drousbyk@newyorker.com,Dolley,1.84,36532 Declaration Way,(239) 8462799,Passw0rd!
Jyoti,Coverdill,mcoverdilll@squidoo.com,Meridel,0.58,8458 Riverside Hill,(644) 4349552,Hunter2
Lillian,Martins,amartinsm@adobe.com,Alix,0.99,9 Carey Plaza,(139) 9974640,Password
Raychel,Arrighetti,larrighettin@gizmodo.com,Loy,0.7,4106 Mcguire Avenue,(488) 1302094,Passw0rd!
Wade,Blaver,sblavero@earthlink.net,Seline,2.52,89 Burrows Center,(639) 2423073,Hunter2
Marys,Toby,ctobyp@vk.com,Crin,2.93,9770 Crowley Place,(410) 7048873,Password
Kare,Kentwell,mkentwellq@cpanel.net,Mandel,0.99,9 Novick Road,(750) 7733854,Passw0rd!
Casi,Stabler,lstablerr@blogspot.com,Lea,2.71,87 School Lane,(499) 2929621,Hunter2
Evvie,Ronca,mroncas@1und1.de,Michale,2.85,7305 Paget Junction,(364) 1839527,Password
Ludovika,Hafner,ahafnert@auda.org.au,Ancell,3.15,0767 Arapahoe Plaza,(502) 3985999,Passw0rd!
Randolph,Cressor,ccressoru@flickr.com,Cornela,1.43,07976 Cascade Avenue,(376) 7044924,Hunter2
Hesther,Pierton,apiertonv@reference.com,Annamarie,3.12,07319 Nelson Park,(718) 9071054,Password
Ted,Lauks,wlauksw@alexa.com,Willetta,3.06,7 7th Pass,(610) 8364785,Passw0rd!
Bobbee,d'Escoffier,adescoffierx@yandex.ru,Aggi,3.62,220 Luster Plaza,(894) 3137428,Hunter2
Sibella,Rattry,frattryy@hibu.com,Fredia,3.38,3 Stang Avenue,(619) 8748521,Password
Aloise,Foucher,afoucherz@epa.gov,Annalise,3.93,50109 Charing Cross Junction,(656) 5101690,Passw0rd!
Baudoin,McAlinden,nmcalinden10@blinklist.com,Nellie,3.78,9 Stone Corner Terrace,(589) 3478741,Hunter2
Wallis,Chalfant,ichalfant11@soundcloud.com,Inger,0.32,077 Evergreen Pass,(748) 4614570,Password
Letti,Massingham,kmassingham12@technorati.com,Kimmy,0.13,2585 Esch Terrace,(379) 6915808,Passw0rd!
Erda,Champness,achampness13@virginia.edu,Alain,0.47,0291 Rutledge Hill,(676) 5263728,Hunter2
Lotta,Ower,jower14@tinypic.com,Jessamyn,1.44,61524 Texas Lane,(114) 5826847,Password
Xylina,Kembrey,lkembrey15@topsy.com,Leigh,2.78,10 4th Terrace,(978) 4030790,Passw0rd!
Koralle,Kindread,rkindread16@yahoo.co.jp,Remus,3.76,1069 Golden Leaf Road,(153) 7507973,Hunter2
Dicky,Foat,dfoat17@sourceforge.net,Dur,2.23,89 Bluestem Place,(267) 9968049,Password
Dulcinea,Bruinsma,qbruinsma18@indiatimes.com,Quintana,1.75,40 Badeau Alley,(608) 3543930,Passw0rd!
Florentia,Ca,pca19@ning.com,Pavia,1.86,40411 Dakota Plaza,(764) 7476049,Hunter2
Elwood,Varah,cvarah1a@utexas.edu,Cob,0.29,23 Milwaukee Terrace,(468) 8122934,Password
Brian,Brickwood,tbrickwood1b@ox.ac.uk,Tony,0.35,5069 Kipling Plaza,(715) 2873011,Passw0rd!
Gwen,Mongan,nmongan1c@hubpages.com,Nadean,0.93,28 Ridgeview Court,(307) 6371465,Hunter2
Rolph,Van Halle,rvanhalle1d@etsy.com,Richie,1.15,2487 Waxwing Crossing,(732) 5963808,Password
Lilly,Wild,cwild1e@unicef.org,Cassie,0.9,17141 Surrey Court,(996) 1987881,Passw0rd!
Shaw,Robyns,probyns1f@sina.com.cn,Peadar,2.47,906 Johnson Park,(174) 3909946,Hunter2
Rozanne,Tremonte,ctremonte1g@who.int,Clarice,1.66,0695 Dwight Place,(429) 3564496,Password
Ulberto,Joncic,sjoncic1h@hao123.com,Sherye,3.12,01819 Lakeland Avenue,(807) 1313811,Passw0rd!
Steve,Tamplin,btamplin1i@mozilla.com,Belia,2.75,9812 Green Crossing,(278) 4329617,Hunter2
Vida,Symper,msymper1j@icq.com,Marget,2.89,1 Buena Vista Way,(209) 6751291,Password
Lamont,McLaughlin,amclaughlin1k@ovh.net,Alexandr,2.55,574 American Drive,(240) 6232544,Passw0rd!
Antonina,Barbey,kbarbey1l@gmpg.org,Kaitlin,3.86,6 Judy Trail,(853) 9744577,Hunter2
Vonnie,Draxford,ddraxford1m@wired.com,Dorie,2.36,098 Raven Junction,(881) 6661383,Password
Gaultiero,Lande,rlande1n@umn.edu,Reeva,1.37,9 Rusk Lane,(116) 4206914,Passw0rd!
Josey,Normabell,anormabell1o@arizona.edu,Arthur,1.69,6277 Kedzie Hill,(954) 7284313,Hunter2
Martelle,Mollon,bmollon1p@sciencedaily.com,Berenice,1.34,6570 1st Place,(945) 1487827,Password
Lynn,Rubenovic,mrubenovic1q@seattletimes.com,Mikel,2.26,660 Express Parkway,(376) 6789966,Passw0rd!
Gus,Michin,hmichin1r@amazon.co.uk,Hulda,3.54,349 Del Sol Hill,(230) 5786788,Hunter2
Nancee,Tabner,atabner1s@vinaora.com,Antonina,3.52,18508 Saint Paul Way,(240) 4677762,Password
Gusta,Tomczykowski,ctomczykowski1t@prlog.org,Colene,3.97,9887 Rowland Center,(780) 9900007,Passw0rd!
Tarah,O'Crowley,locrowley1u@kickstarter.com,Lief,3.75,21 Texas Alley,(312) 8140423,Hunter2
Gracia,Tallon,ptallon1v@arizona.edu,Petra,2.56,41917 Shelley Crossing,(505) 3807174,Password
Hester,Carlesi,gcarlesi1w@shareasale.com,Gabbie,3.38,79885 Leroy Parkway,(256) 9195613,Passw0rd!
Xaviera,Lerner,clerner1x@yellowbook.com,Casi,3.24,7 Eastlawn Terrace,(486) 2614336,Hunter2
Queenie,Jaskowicz,hjaskowicz1y@merriam-webster.com,Hinze,0.94,02 6th Point,(889) 5969827,Password
Stacee,Peaseman,cpeaseman1z@tripod.com,Cole,2.27,39 Nova Crossing,(495) 4446018,Passw0rd!
Nichole,Cashley,scashley20@nymag.com,Sunny,2.22,05079 Quincy Lane,(430) 7075332,Hunter2
Madella,Pfertner,cpfertner21@deliciousdays.com,Clareta,0.49,4143 Randy Junction,(511) 4403001,Password
Blaine,Maud,jmaud22@forbes.com,Jasmin,3.92,51 Sullivan Drive,(963) 2966238,Passw0rd!
Erika,Benedyktowicz,gbenedyktowicz23@devhub.com,Gualterio,1.07,03282 Veith Court,(792) 5944921,Hunter2
Barbi,Bonniface,fbonniface24@amazon.co.jp,Fulton,2.21,695 Logan Court,(420) 2344988,Password
Nickolas,Rymmer,lrymmer25@nih.gov,Leandra,0.3,2291 Oak Valley Crossing,(143) 5802313,Passw0rd!
Hube,Suddell,lsuddell26@stumbleupon.com,Latrena,1.12,34 Old Shore Trail,(363) 3023017,Hunter2
Krystle,Preshaw,bpreshaw27@unc.edu,Brynna,3.56,469 Pearson Avenue,(618) 2062151,Password
Merrili,Greaterex,sgreaterex28@mashable.com,Sandy,0.34,896 Ridgeview Point,(502) 7720508,Passw0rd!
De witt,Banstead,obanstead29@vinaora.com,Odelia,3.04,554 Lakewood Place,(524) 1596727,Hunter2
Lothaire,Kliment,mkliment2a@fc2.com,Mercedes,2.21,1226 Kim Alley,(364) 5075891,Password
Jorge,Brehat,kbrehat2b@blinklist.com,Kasey,3.34,71643 Paget Plaza,(173) 1386666,Passw0rd!
Adelbert,Swallow,cswallow2c@addtoany.com,Chicky,1.34,2 Beilfuss Lane,(967) 5875327,Hunter2
Tallia,Cadore,acadore2d@howstuffworks.com,Alecia,2.29,17 Fisk Circle,(217) 1290095,Password
Marissa,Denman,sdenman2e@dmoz.org,Sophia,0.61,19 Bashford Trail,(757) 5030052,Passw0rd!
Floria,Stilgo,sstilgo2f@wordpress.com,Sabrina,2.63,5973 Maywood Pass,(279) 4558848,Hunter2
Johnette,Baptie,rbaptie2g@posterous.com,Rob,3.98,422 Delladonna Way,(458) 1300064,Password
Bonni,Joney,sjoney2h@hostgator.com,Shae,0.48,45698 Browning Terrace,(304) 3654485,Passw0rd!
Myrtie,Tumber,wtumber2i@admin.ch,Winifield,0.07,3 Crownhardt Junction,(461) 2086834,Hunter2
Marguerite,Rolles,nrolles2j@yahoo.co.jp,Nananne,2.29,17011 Forest Center,(731) 7712360,Password
Aviva,Bebbell,bbebbell2k@epa.gov,Bondon,1.51,9 Elmside Circle,(462) 5594341,Passw0rd!
Nada,Gateland,tgateland2l@yale.edu,Tomasina,1.39,488 Mallory Circle,(516) 3055453,Hunter2
Wylie,Haynes,bhaynes2m@amazon.co.uk,Berna,2.89,68 Knutson Point,(823) 8348793,Password
Gilbertina,Landall,mlandall2n@facebook.com,Milli,3.32,407 Monterey Circle,(973) 2389834,Passw0rd!
Muffin,Freiburger,efreiburger2o@goo.ne.jp,Ethan,3.92,128 Iowa Lane,(762) 4209719,Hunter2
Sandra,Siret,nsiret2p@vinaora.com,Natalya,2.57,97 Hintze Drive,(663) 5257571,Password
Sherwin,Cromb,jcromb2q@cloudflare.com,Joletta,1,16470 Cordelia Road,(885) 3157009,Passw0rd!
Bondon,Laugheran,dlaugheran2r@tripadvisor.com,Dyan,0.81,7099 Claremont Pass,(325) 7575546,Hunter2
Nell,Joutapaitis,cjoutapaitis2s@etsy.com,Cathy,3.9,77255 Valley Edge Parkway,(824) 6796135,Password
Giacopo,Egalton,negalton2t@ask.com,Noah,0.04,18 Oak Pass,(981) 6179786,Passw0rd!
Reade,Drohun,adrohun2u@yahoo.com,Arel,2.13,1121 Mayfield Hill,(306) 9455756,Hunter2
Rosalind,Acom,sacom2v@xrea.com,Stacie,0.7,052 North Hill,(170) 4306743,Password
Arabele,Quakley,vquakley2w@sfgate.com,Valli,0.38,18314 Dakota Plaza,(428) 7920429,Passw0rd!
Andromache,Orford,aorford2x@yandex.ru,Atalanta,0.53,79303 Lotheville Crossing,(904) 7930234,Hunter2
Blanche,Adaway,radaway2y@apache.org,Rosmunda,2.97,0627 Merchant Court,(567) 4239107,Password
Angelo,McKerley,rmckerley2z@devhub.com,Roz,2.99,63 Sundown Road,(427) 2838643,Passw0rd!
Charmane,Eggins,geggins30@gizmodo.com,Georg,0.36,88955 Oak Valley Point,(815) 2147279,Hunter2
Dareen,Linzey,glinzey31@cpanel.net,Guy,2.42,605 Farwell Point,(143) 8355017,Password
Bruis,Neasham,fneasham32@telegraph.co.uk,Faustina,1.56,93 Raven Pass,(838) 8758638,Passw0rd!
Starla,Whates,zwhates33@nih.gov,Zia,0.45,3 Oriole Court,(580) 9393523,Hunter2
Laney,Tynemouth,rtynemouth34@wikispaces.com,Ritchie,2.07,249 Becker Trail,(455) 7869152,Password
Nicoline,Hallawell,mhallawell35@seesaa.net,Montgomery,1.12,11 Evergreen Hill,(859) 1737165,Passw0rd!
Waverly,Sylett,rsylett36@barnesandnoble.com,Renee,1.3,32 Mariners Cove Terrace,(747) 1397398,Hunter2
Freemon,Dugget,fdugget37@example.com,Filbert,2.77,9 Messerschmidt Trail,(124) 6969179,Password
Stillmann,Symcock,asymcock38@ed.gov,Archaimbaud,3.37,4 Elmside Place,(643) 4211105,Passw0rd!
Tobe,Corden,lcorden39@shinystat.com,Laverna,2.19,806 Oak Street,(849) 5266770,Hunter2
Ximenes,Banton,fbanton3a@gmpg.org,Fredra,0.84,8513 Glacier Hill Circle,(346) 7553762,Password
Odey,Chate,dchate3b@php.net,Dud,1.72,716 Harper Place,(274) 9004371,Passw0rd!
Sandy,McCrone,ymccrone3c@163.com,Yanaton,3.55,6 Hanson Way,(707) 4335410,Hunter2
Shandra,Hatcher,ehatcher3d@un.org,Elton,2.84,5575 Summerview Plaza,(804) 4585601,Password
Rosa,Exposito,dexposito3e@bbb.org,Dasha,3.3,0194 Waywood Terrace,(763) 9533833,Passw0rd!
Lishe,Isakov,cisakov3f@tinyurl.com,Courtney,0.78,0780 Bobwhite Point,(113) 3380019,Hunter2
Kipp,Pickin,cpickin3g@github.io,Cart,3.33,7 Iowa Crossing,(441) 7766859,Password
Gottfried,Jura,vjura3h@nsw.gov.au,Von,2.62,0 Pine View Terrace,(484) 3769278,Passw0rd!
Tadio,McCullogh,cmccullogh3i@deliciousdays.com,Crista,3.78,7266 Monterey Pass,(197) 2200204,Hunter2
Ardelia,Worviell,wworviell3j@cbsnews.com,Waiter,0.62,83 Golf Crossing,(563) 7024919,Password
Kaylil,Hayen,bhayen3k@taobao.com,Bryn,0.63,92 Mandrake Pass,(892) 1159002,Passw0rd!
Vittoria,Stobbs,nstobbs3l@dmoz.org,Nananne,1.31,56 Sage Hill,(491) 7132616,Hunter2
Hilly,Draaisma,ldraaisma3m@ox.ac.uk,Lidia,0.61,28473 Eagle Crest Drive,(102) 4608030,Password
Marna,Saunper,nsaunper3n@ocn.ne.jp,Noemi,0.73,380 Kipling Road,(825) 9098666,Passw0rd!
Myca,Bemrose,ebemrose3o@biglobe.ne.jp,Everard,3.03,15336 Commercial Circle,(304) 4939214,Hunter2
Jojo,Yurocjhin,jyurocjhin3p@cbsnews.com,Jaime,3.44,19 Delaware Parkway,(103) 1752051,Password
Cariotta,Christmas,echristmas3q@wired.com,Ephraim,0.88,1316 Old Shore Way,(131) 1814427,Passw0rd!
Tiebout,Sperling,fsperling3r@etsy.com,Fredi,2.48,19 Petterle Alley,(342) 3352572,Hunter2
Giacopo,Barrim,abarrim3s@forbes.com,Adamo,0.96,0 Acker Junction,(571) 6222653,Password
Niels,Finessy,hfinessy3t@blogger.com,Howard,1.97,7 Farragut Point,(180) 2253548,Passw0rd!
Jaquenette,Hardage,thardage3u@multiply.com,Tate,0.12,51 Melvin Circle,(650) 1321052,Hunter2
Cristine,Latour,dlatour3v@artisteer.com,Dewie,1.28,74 Lillian Circle,(147) 7650045,Password
Damien,Yeo,cyeo3w@list-manage.com,Chery,0.83,429 Talmadge Avenue,(801) 8454071,Passw0rd!
Antony,Andreichik,candreichik3x@wordpress.org,Costanza,1.71,34 Summerview Plaza,(325) 5248180,Hunter2
Vincenty,Simion,csimion3y@ifeng.com,Correy,2.23,4 Lien Place,(153) 9493967,Password
Paulo,Ianinotti,bianinotti3z@multiply.com,Bertina,1.98,08988 Meadow Vale Street,(271) 2738192,Passw0rd!
Erie,Summerley,gsummerley40@tripod.com,Goldarina,3.02,9 Fremont Place,(167) 7715251,Hunter2
Alvira,Croll,gcroll41@tinypic.com,Gottfried,3.98,71731 Susan Circle,(308) 2544676,Password
Cyrill,Gaisford,dgaisford42@chron.com,Devin,0.95,375 Bellgrove Place,(969) 8987846,Passw0rd!
Florrie,Upstell,nupstell43@free.fr,Nanette,2.01,713 Loomis Alley,(307) 4916507,Hunter2
Friederike,Coast,lcoast44@naver.com,Lyle,3.22,276 Butternut Park,(828) 1035193,Password
Gwendolen,Scholz,tscholz45@dmoz.org,Theo,3.67,2157 Merry Point,(621) 3194249,Passw0rd!
Darn,Peltzer,jpeltzer46@shop-pro.jp,Jenny,1.17,308 Orin Park,(703) 4932189,Hunter2
Melany,Fardo,ffardo47@tripod.com,Fawn,2.25,22 Quincy Hill,(305) 3919521,Password
Darlleen,Tucknutt,ctucknutt48@google.ru,Christine,3.18,79 Cherokee Crossing,(977) 8266234,Passw0rd!
Sebastien,Doelle,rdoelle49@youku.com,Robinetta,2.15,5 Kings Park,(481) 4544169,Hunter2
Olympia,Hollows,dhollows4a@webs.com,Del,0.53,07723 Johnson Park,(367) 8577734,Password
Gwenneth,Buey,pbuey4b@japanpost.jp,Putnem,1.65,79 Packers Circle,(928) 4455429,Passw0rd!
Huberto,Tullett,htullett4c@cpanel.net,Hanny,2.95,4695 1st Crossing,(801) 6008958,Hunter2
Rhonda,Bowmen,nbowmen4d@earthlink.net,Nanny,2.98,4 Dexter Park,(773) 7500873,Password
Marylynne,Slatcher,gslatcher4e@cocolog-nifty.com,Gisele,1.88,78 5th Avenue,(100) 8095457,Passw0rd!
Jonie,Bidgod,abidgod4f@mashable.com,Adelheid,2.72,19638 Prairie Rose Junction,(385) 2084230,Hunter2
Ade,Van den Oord,gvandenoord4g@umn.edu,Genni,2.15,1 Lakeland Trail,(419) 3514266,Password
Ingra,Kynge,ckynge4h@51.la,Carlo,0.95,85199 Westend Drive,(912) 3959115,Passw0rd!
Dermot,Burfoot,cburfoot4i@netscape.com,Chadd,3.32,3550 Atwood Parkway,(453) 4179388,Hunter2
Jeanie,Duffit,cduffit4j@hhs.gov,Chickie,3.05,16 4th Junction,(250) 8826692,Password
Mendel,Janicek,pjanicek4k@php.net,Padget,0.89,53371 Surrey Court,(777) 4516815,Passw0rd!
Tomlin,Tolworthie,dtolworthie4l@aol.com,Dacie,0.92,419 Bunting Center,(238) 3210460,Hunter2
Chev,Boissier,lboissier4m@alibaba.com,Lyndsey,1.38,21 Valley Edge Plaza,(345) 1025385,Password
Vivyanne,Amaya,namaya4n@hatena.ne.jp,Nataniel,0.11,0904 Pawling Way,(178) 7124077,Passw0rd!
Dun,Wastall,bwastall4o@dailymail.co.uk,Bartel,2.83,694 Cordelia Place,(395) 2060987,Hunter2
Nevile,Corr,mcorr4p@php.net,Magda,2.77,3113 Sullivan Plaza,(193) 1362716,Password
Andee,Kingswood,rkingswood4q@virginia.edu,Rosalinda,3.85,3137 Arrowood Terrace,(289) 2709789,Passw0rd!
Orin,Collard,wcollard4r@miibeian.gov.cn,Welch,2.02,07537 Pine View Terrace,(890) 2709136,Hunter2
Maighdiln,Koche,lkoche4s@google.it,Land,0.8,59 Old Gate Center,(736) 6562054,Password
Orelle,Antonowicz,aantonowicz4t@plala.or.jp,Aurelie,0.37,03 Continental Pass,(492) 3390025,Passw0rd!
Ermentrude,Adaway,dadaway4u@wikispaces.com,Dawna,3.6,07139 Stone Corner Lane,(254) 3179635,Hunter2
Arri,Mibourne,mmibourne4v@imgur.com,Morris,0.84,2 Pine View Alley,(236) 3639512,Password
Federico,Charlick,bcharlick4w@wikia.com,Betsey,1.22,56 Southridge Avenue,(850) 6689049,Passw0rd!
Jade,Custard,mcustard4x@alexa.com,Mariam,3.12,44 Arrowood Avenue,(741) 7847886,Hunter2
Cary,Stening,nstening4y@elegantthemes.com,Nelia,2.32,734 Jenna Circle,(646) 4682893,Password
Lianne,Fitzsimmons,rfitzsimmons4z@123-reg.co.uk,Rozalie,0.24,5 Sheridan Street,(400) 1438268,Passw0rd!
Chantalle,Peat,cpeat50@alexa.com,Cassy,1.98,0 6th Road,(743) 2809641,Hunter2
Livy,Rosenfelt,wrosenfelt51@artisteer.com,Will,2.95,701 Ilene Road,(195) 2866367,Password
Corliss,Seebert,jseebert52@ebay.com,Janey,1.76,5 Bellgrove Street,(527) 3090186,Passw0rd!
Deane,Hamilton,yhamilton53@salon.com,Yuma,2.08,72 Milwaukee Lane,(297) 7410398,Hunter2
Emmaline,Eberlein,meberlein54@jigsy.com,Mabel,1.65,63109 Lyons Pass,(678) 2776915,Password
Vannie,Euplate,eeuplate55@nps.gov,Eliot,0.88,4 Lukken Junction,(901) 5321746,Passw0rd!
Jourdain,Ivermee,nivermee56@sciencedirect.com,Nannette,0.6,37 Dahle Center,(575) 4163936,Hunter2
Shelton,Jeannequin,djeannequin57@networkadvertising.org,Demott,3.76,5548 Hanson Parkway,(444) 2454363,Password
Cordie,Gouldthorp,ggouldthorp58@bandcamp.com,Guillema,2.19,24570 Lakewood Gardens Plaza,(763) 2866144,Passw0rd!
Cornela,Pringell,springell59@rediff.com,Shanan,2.82,3 Portage Way,(134) 9983234,Hunter2
Carolina,Fulton,ffulton5a@sciencedirect.com,Fanya,0.34,76122 Daystar Hill,(617) 9965388,Password
Garrott,Gillaspy,sgillaspy5b@engadget.com,Shay,2.3,181 Russell Lane,(170) 3127365,Passw0rd!
Gwenore,Fibbens,dfibbens5c@github.com,Derrek,2.32,68829 Redwing Pass,(354) 1073360,Hunter2
Clarita,Nutman,wnutman5d@about.me,Wolfie,3.49,0022 Saint Paul Parkway,(328) 2015140,Password
Raquel,Ivankin,aivankin5e@simplemachines.org,Audy,0.67,21668 Brentwood Hill,(573) 3740775,Passw0rd!
Meredith,Sharrard,dsharrard5f@google.com.hk,Davidson,0.56,3 Chinook Pass,(220) 4084179,Hunter2
Lorena,Dyne,wdyne5g@netlog.com,Washington,3.62,511 Summit Place,(722) 8147403,Password
Marti,Conibeer,aconibeer5h@blogger.com,Amanda,2.97,43288 Armistice Place,(928) 2820059,Passw0rd!
Jaquith,Shiel,nshiel5i@adobe.com,Nana,3.2,2 Nelson Avenue,(351) 3978350,Hunter2
Menard,Agutter,aagutter5j@canalblog.com,Appolonia,3.36,46357 Manley Avenue,(480) 5317079,Password
Noella,Ridout,sridout5k@cocolog-nifty.com,Shantee,2.66,577 Blue Bill Park Terrace,(415) 3000690,Passw0rd!
Robers,Ameer-Beg,rameerbeg5l@utexas.edu,Ralf,0.42,66905 New Castle Drive,(601) 3996792,Hunter2
Lauralee,Jaumet,jjaumet5m@exblog.jp,Jo,2.71,732 Shoshone Crossing,(876) 7213627,Password
Jordon,Chipman,gchipman5n@whitehouse.gov,Glenn,0.27,85138 Dovetail Hill,(616) 5549942,Passw0rd!
Lanita,Radloff,sradloff5o@illinois.edu,Shandee,2.51,2768 Washington Court,(283) 9849139,Hunter2
Rees,Benford,mbenford5p@issuu.com,Mick,2.25,1329 Union Plaza,(725) 5984001,Password
Eula,Priestner,apriestner5q@issuu.com,Adina,0.88,778 Arrowood Lane,(778) 1448132,Passw0rd!
Gloriana,Browncey,bbrowncey5r@webs.com,Booth,3.17,7 Reindahl Court,(616) 7653199,Hunter2
Tisha,Marcombe,vmarcombe5s@geocities.com,Virgina,2.97,5327 Mitchell Avenue,(498) 9420534,Password
Gerry,Geck,mgeck5t@reuters.com,Meridith,3.86,8866 Scofield Hill,(702) 3800035,Passw0rd!
Rochette,Sharrock,bsharrock5u@cocolog-nifty.com,Barnard,1.26,6155 Shelley Hill,(985) 4903368,Hunter2
Berti,Gladdolph,sgladdolph5v@rambler.ru,Selle,1.14,60 Hagan Court,(199) 3101832,Password
Carey,Vynoll,mvynoll5w@webnode.com,Myrtia,2.11,580 Lukken Hill,(755) 7430168,Passw0rd!
Bette,Meineck,kmeineck5x@privacy.gov.au,Kristyn,3.95,98345 Buena Vista Point,(554) 9826473,Hunter2
Cos,O'Mailey,bomailey5y@umn.edu,Bernette,2.19,1 Myrtle Hill,(212) 8595078,Password
Yasmeen,Posner,wposner5z@state.tx.us,Willie,3.86,98072 Service Parkway,(101) 2265753,Passw0rd!
Sabine,Filyakov,afilyakov60@yandex.ru,Aldrich,1.12,905 Anniversary Way,(535) 1326834,Hunter2
Chiquita,Hickeringill,dhickeringill61@accuweather.com,Dominique,0.19,512 Roxbury Lane,(908) 4428652,Password
Colman,Gohier,kgohier62@marriott.com,Kata,1.29,1562 Nancy Lane,(413) 6019659,Passw0rd!
Riannon,Newlin,jnewlin63@huffingtonpost.com,Josiah,0.26,31523 Ronald Regan Place,(794) 7862513,Hunter2
Jeannine,Twizell,mtwizell64@unicef.org,Marlo,3.58,2411 Katie Hill,(550) 8360650,Password
Elfie,Whatling,mwhatling65@instagram.com,Mose,0.13,81 Bunker Hill Hill,(467) 9697601,Passw0rd!
Marcille,Stiven,rstiven66@bloglovin.com,Rafaellle,2.56,26899 Artisan Parkway,(766) 9069452,Hunter2
Damaris,Wagenen,twagenen67@storify.com,Thatch,2.58,6 Tennyson Terrace,(164) 4692900,Password
Sydney,Gwinn,bgwinn68@uiuc.edu,Bing,2.63,01 Acker Way,(288) 2004798,Passw0rd!
Gail,Rolph,erolph69@google.co.jp,Elvira,2.05,92270 Annamark Hill,(488) 9347531,Hunter2
Doe,Beccles,cbeccles6a@ox.ac.uk,Cyrill,0.15,509 Sycamore Place,(379) 2033129,Password
Marrissa,Munehay,hmunehay6b@nydailynews.com,Hildegaard,3.1,1 4th Avenue,(137) 3989173,Passw0rd!
Tait,Catcheside,mcatcheside6c@unicef.org,Melitta,2.54,13 Delaware Court,(314) 9095989,Hunter2
Brandyn,Edinburough,xedinburough6d@craigslist.org,Xylia,3.95,3106 Tennessee Terrace,(821) 7110828,Password
Cooper,Andree,aandree6e@plala.or.jp,Anthia,1.76,98 Oneill Parkway,(520) 1295540,Passw0rd!
Griffie,MacCurlye,dmaccurlye6f@stanford.edu,Dion,2.73,0980 Schurz Park,(997) 1330432,Hunter2
Sandor,Harber,mharber6g@barnesandnoble.com,Maryrose,3.78,723 Arkansas Crossing,(106) 2795130,Password
Farrand,Singers,esingers6h@unicef.org,Erin,2.34,356 Loeprich Circle,(214) 6512259,Passw0rd!
Sylvester,Ashmore,kashmore6i@marriott.com,Karena,0.89,4 Towne Drive,(844) 9029274,Hunter2
Devora,Lammertz,dlammertz6j@fc2.com,Devondra,1.17,92419 Dryden Lane,(665) 1362259,Password
Edouard,Brownsea,jbrownsea6k@uiuc.edu,Jeffy,4,86448 Mayfield Trail,(960) 9051325,Passw0rd!
Jemima,Gladwell,egladwell6l@cbsnews.com,Esta,0.22,9887 Donald Terrace,(935) 1650951,Hunter2
Burg,Hawkeswood,bhawkeswood6m@pinterest.com,Bertha,3.59,102 Arizona Alley,(273) 5857177,Password
Anica,Grogona,fgrogona6n@posterous.com,Fawn,1.38,531 7th Road,(736) 4024906,Passw0rd!
Erasmus,Butler-Bowdon,cbutlerbowdon6o@dedecms.com,Cthrine,2.86,2 Elka Street,(553) 3716273,Hunter2
Wilden,Rourke,arourke6p@addthis.com,Ashla,3.72,70 Vermont Center,(498) 6387469,Password
Marissa,Leckey,mleckey6q@naver.com,Marget,2.59,7 Loftsgordon Trail,(137) 5353449,Passw0rd!
Dwight,Wellbelove,awellbelove6r@scribd.com,Alister,3.97,2 Porter Center,(174) 6936601,Hunter2
Shane,Pach,cpach6s@sohu.com,Corabella,2.66,8 Lakewood Gardens Street,(685) 3241122,Password
Tait,Corsor,ccorsor6t@addtoany.com,Coral,0.14,84052 Fisk Park,(407) 9125736,Passw0rd!
Ephraim,Kingswood,dkingswood6u@ucoz.com,Dannie,0.7,8000 School Crossing,(443) 3254018,Hunter2
Tomlin,Malicki,kmalicki6v@ca.gov,Kaitlin,0.23,4848 Grayhawk Street,(737) 4957523,Password
Kipper,Casey,jcasey6w@tmall.com,Jaquelin,2.24,94 Fair Oaks Avenue,(854) 8606467,Passw0rd!
April,Aitkin,taitkin6x@opera.com,Tamar,1.44,24 Rutledge Avenue,(937) 1552779,Hunter2
Bailey,Fairn,nfairn6y@taobao.com,Nealson,0.98,80701 Myrtle Parkway,(819) 7810518,Password
Giovanna,Pennetta,mpennetta6z@yale.edu,Mariska,3.33,1 Wayridge Pass,(382) 4088136,Passw0rd!
Orsa,Plowes,pplowes70@fastcompany.com,Pernell,3.7,75 Village Green Alley,(458) 5148942,Hunter2
Annnora,Vatini,svatini71@gizmodo.com,Sergei,0.61,292 Gale Drive,(634) 8449308,Password
Celinda,Cheese,ccheese72@indiegogo.com,Chandra,1.83,196 Reindahl Point,(864) 7433397,Passw0rd!
Dierdre,Yuill,lyuill73@joomla.org,Lilas,0.77,6 Mandrake Alley,(579) 6568170,Hunter2
Roseann,Gloucester,ogloucester74@e-recht24.de,Oralia,3.8,5 Raven Pass,(435) 4032262,Password
Clo,Fibben,rfibben75@narod.ru,Reamonn,2.09,2 Algoma Drive,(798) 9195002,Passw0rd!
Lucia,Jurasz,sjurasz76@nasa.gov,Sharai,3.33,7 Ridge Oak Pass,(541) 2348249,Hunter2
Burr,Baudin,tbaudin77@epa.gov,Trace,3.27,247 Union Terrace,(621) 3787264,Password
Di,Tieraney,mtieraney78@cdbaby.com,Marin,3.81,050 Prairie Rose Hill,(654) 5015427,Passw0rd!
Adriena,Summons,esummons79@ow.ly,Elie,0.17,1708 Lotheville Place,(919) 6537545,Hunter2
Iormina,Boanas,aboanas7a@blog.com,Alene,0.68,7 Continental Crossing,(139) 3788895,Password
Haily,Basindale,abasindale7b@webeden.co.uk,Alexio,3.66,85 Lakeland Road,(141) 2334882,Passw0rd!
Rubie,Shaves,fshaves7c@devhub.com,Fred,1.49,60351 Butternut Drive,(524) 2395541,Hunter2
Dana,Humberston,ghumberston7d@posterous.com,Georgette,2.21,76301 Waubesa Center,(100) 7690867,Password
Lou,Leon,hleon7e@eepurl.com,Horten,1.29,42 Upham Circle,(401) 4930598,Passw0rd!
Melinda,Calam,mcalam7f@sbwire.com,Marcia,3.84,386 Fulton Avenue,(689) 9451086,Hunter2
Julie,Postill,ppostill7g@xing.com,Percy,3.56,7 Sauthoff Terrace,(893) 5888545,Password
Stephannie,Statersfield,dstatersfield7h@google.it,Dru,0.81,068 Homewood Circle,(483) 9835691,Passw0rd!
Stella,Wildgoose,pwildgoose7i@dailymotion.com,Pamella,2.76,9 Hansons Terrace,(157) 5339627,Hunter2
Cristine,Juares,ljuares7j@ycombinator.com,Levey,3,97958 Straubel Lane,(636) 6857133,Password
Tandy,Cocksedge,acocksedge7k@freewebs.com,Amitie,3.93,2298 Jana Center,(514) 2343423,Passw0rd!
Gussie,Noraway,hnoraway7l@pagesperso-orange.fr,Hali,3.35,4 Burrows Center,(447) 8640733,Hunter2
Crissie,Berfoot,kberfoot7m@imdb.com,Kelsey,2.98,834 Steensland Center,(951) 2816988,Password
Damien,Zuan,mzuan7n@yahoo.co.jp,Margaretta,1.63,41259 Graedel Drive,(584) 9102966,Passw0rd!
Emmalyn,Linacre,slinacre7o@livejournal.com,Silva,0.55,8706 Bunker Hill Road,(706) 8110060,Hunter2
Anica,Jirousek,zjirousek7p@sciencedaily.com,Zarla,1.73,791 Schiller Junction,(272) 4879556,Password
Cosme,Catmull,icatmull7q@opera.com,Ina,1.53,7 Becker Alley,(433) 8901772,Passw0rd!
Vic,Gramer,cgramer7r@fc2.com,Cathryn,1.83,2 Delladonna Place,(310) 9255294,Hunter2
Wini,Jeaffreson,pjeaffreson7s@engadget.com,Petronille,3.87,5067 Pepper Wood Hill,(836) 9177309,Password
Lauritz,Clampton,eclampton7t@jigsy.com,Earle,1.63,81542 Dawn Court,(818) 6679732,Passw0rd!
Ganny,Stears,lstears7u@google.it,Launce,3.99,048 Sundown Alley,(997) 1506895,Hunter2
Chickie,Cranmor,acranmor7v@dot.gov,Abagail,2.6,060 Springs Lane,(661) 9399495,Password
Nikoletta,Caldairou,qcaldairou7w@google.ru,Quinn,0.27,2 Anhalt Plaza,(161) 1451197,Passw0rd!
Gwenni,Ricciardo,nricciardo7x@1688.com,Norbie,0.66,3064 Ohio Park,(397) 4253108,Hunter2
Lissy,Kingsland,gkingsland7y@google.com.br,Gare,1.94,5286 Elmside Trail,(641) 7378454,Password
Dominic,Redmile,aredmile7z@ask.com,Anthe,0.32,630 Troy Center,(301) 7054307,Passw0rd!
Corbet,Dubois,kdubois80@yolasite.com,Kally,3.14,06314 Pankratz Junction,(208) 2579295,Hunter2
Ianthe,Bargery,mbargery81@hhs.gov,Marsh,0.38,8 Beilfuss Way,(305) 3339235,Password
Emelita,Geke,rgeke82@ed.gov,Rutger,0.33,60 Spohn Pass,(403) 8944803,Passw0rd!
Abby,Augur,daugur83@over-blog.com,Daryl,3.63,040 8th Trail,(469) 2342274,Hunter2
Carlo,Sandy,lsandy84@harvard.edu,Laurent,1.71,4 Cottonwood Way,(365) 2821664,Password
Roby,Orwin,sorwin85@storify.com,Sherrie,2.73,0175 Summerview Place,(555) 1256371,Passw0rd!
Tresa,Luetkemeyer,pluetkemeyer86@forbes.com,Padriac,1.56,741 Spaight Lane,(635) 2395458,Hunter2
Kasey,Yakob,cyakob87@vkontakte.ru,Colman,0.92,54 Schurz Trail,(742) 7194992,Password
Armstrong,Wycliffe,gwycliffe88@livejournal.com,Gabi,1.48,98035 Meadow Valley Junction,(865) 1615130,Passw0rd!
Kimmi,Staig,cstaig89@salon.com,Candi,1.44,7 Arizona Plaza,(765) 8492160,Hunter2
Vivie,Top,itop8a@unblog.fr,Izaak,1.94,701 Roth Junction,(363) 5932046,Password
Ilyse,Dorset,sdorset8b@blogger.com,Shalna,0.62,4925 Luster Lane,(557) 1987409,Passw0rd!
Nathalia,Teliga,rteliga8c@is.gd,Rebecka,1.38,436 Melrose Park,(391) 4292725,Hunter2
Emelda,Son,json8d@blogs.com,Jobina,3.14,28403 Northwestern Road,(270) 9298337,Password
Lovell,Toderi,etoderi8e@wp.com,Emiline,0.88,58 Pine View Junction,(249) 7104054,Passw0rd!
Odele,Brothwell,jbrothwell8f@uol.com.br,Jarvis,2.48,1 Maple Wood Junction,(612) 9289493,Hunter2
Berk,Feldhuhn,tfeldhuhn8g@princeton.edu,Trevar,1.66,67 Roxbury Hill,(839) 3925399,Password
Cyrillus,Purver,fpurver8h@odnoklassniki.ru,Florenza,3.26,37404 Mccormick Circle,(717) 2872158,Passw0rd!
Benn,Thowes,ethowes8i@vkontakte.ru,Ellette,0.9,260 North Terrace,(263) 4269713,Hunter2
Armstrong,Enriques,henriques8j@hhs.gov,Hali,1.83,08 Macpherson Street,(294) 7146166,Password
Shayla,Andreucci,wandreucci8k@wikipedia.org,Wadsworth,1.31,7 Melrose Circle,(481) 3958362,Passw0rd!
Livvie,O'Shesnan,aoshesnan8l@mashable.com,Alika,1.47,76 Bayside Terrace,(635) 9158659,Hunter2
Dallas,Whitaker,lwhitaker8m@huffingtonpost.com,Lind,2.53,309 Old Shore Terrace,(322) 5551419,Password
Ainsley,Shoulder,cshoulder8n@ucoz.ru,Claudius,1.53,1990 Starling Hill,(128) 9208306,Passw0rd!
Hana,Petherick,fpetherick8o@walmart.com,Flynn,2.36,08 American Ash Junction,(780) 3167092,Hunter2
Katharine,Everex,beverex8p@instagram.com,Barbe,2.9,659 Bashford Terrace,(928) 9585435,Password
Brenda,Vannacci,fvannacci8q@yahoo.co.jp,Frederich,1.91,13918 Summit Way,(829) 3017565,Passw0rd!
Collen,I'anson,fianson8r@smugmug.com,Fifi,2.51,295 Luster Way,(621) 3368018,Hunter2
Laurette,Mallinder,amallinder8s@marriott.com,Amelie,0.35,2 Mendota Point,(251) 4461156,Password
Chiarra,Clerk,dclerk8t@skyrock.com,Deane,0.9,36 Del Mar Way,(565) 5973744,Passw0rd!
Xerxes,Taffurelli,mtaffurelli8u@geocities.jp,Muire,3.41,1603 Maple Wood Hill,(570) 1250100,Hunter2
Glen,De Freyne,fdefreyne8v@w3.org,Fairfax,3.08,556 Kedzie Avenue,(482) 9443391,Password
Haley,Massow,tmassow8w@tinypic.com,Teddy,3.01,510 Mesta Circle,(248) 4318470,Passw0rd!
Bud,Force,oforce8x@usatoday.com,Oliy,0.76,7 Monument Pass,(966) 1641458,Hunter2
Vita,Gorch,cgorch8y@yolasite.com,Callida,1.41,07 Sutteridge Hill,(837) 2290974,Password
Aimee,Piris,bpiris8z@example.com,Brenna,2.32,64 Arrowood Court,(194) 1345809,Passw0rd!
Risa,Luto,mluto90@redcross.org,Martica,0.25,67704 Fairfield Way,(708) 8875713,Hunter2
Korey,Saunder,jsaunder91@loc.gov,Joelle,2.63,18 Browning Center,(442) 6055348,Password
Shelden,Wemm,swemm92@wiley.com,Sauveur,3.3,2769 School Park,(446) 2038341,Passw0rd!
Wendie,Ledley,aledley93@furl.net,Annnora,2.81,5 Green Ridge Parkway,(729) 8276005,Hunter2
Riane,MacFall,amacfall94@so-net.ne.jp,Abbie,3.44,84 Burning Wood Terrace,(304) 3901899,Password
Clerissa,Stentiford,astentiford95@nbcnews.com,Austen,0.02,00 Mifflin Alley,(815) 4892075,Passw0rd!
Analise,Barrat,nbarrat96@mashable.com,Nicolis,1.25,65 Morrow Place,(245) 4335551,Hunter2
Starr,Newbatt,enewbatt97@japanpost.jp,Etti,3.66,5 Carberry Terrace,(680) 4835374,Password
Jacquelin,Tollit,rtollit98@springer.com,Roma,1.05,009 Russell Plaza,(372) 5387958,Passw0rd!
Lemmie,Lillywhite,flillywhite99@engadget.com,Fiann,1.48,53189 Fremont Terrace,(325) 7009271,Hunter2
Trumaine,Bonfield,sbonfield9a@walmart.com,Sal,0.14,87 Oak Valley Way,(818) 4967323,Password
Tiffie,McQuirter,cmcquirter9b@comsenz.com,Chrisy,0.29,0636 Rowland Street,(202) 4752005,Passw0rd!
Maryanna,Constantine,fconstantine9c@jiathis.com,Fields,3.95,55 Walton Plaza,(438) 1905387,Hunter2
Jan,Jarrelt,sjarrelt9d@unc.edu,Sara,3.95,8918 Division Point,(139) 1759960,Password
Sigfried,Cahan,ccahan9e@twitter.com,Clayson,0.51,6954 Village Plaza,(583) 1334752,Passw0rd!
Rutter,Arstingall,carstingall9f@bloglovin.com,Carmela,1.01,626 Colorado Alley,(471) 8517264,Hunter2
Robin,Froggatt,tfroggatt9g@chron.com,Timoteo,2.96,28 Eastwood Point,(444) 6967743,Password
Belle,Mabbitt,omabbitt9h@google.com.hk,Olivia,0.45,71 Acker Way,(858) 6689144,Passw0rd!
Mab,Lindenfeld,glindenfeld9i@gov.uk,Guenevere,2.27,278 Hooker Crossing,(762) 1433439,Hunter2
Shellysheldon,Spivey,mspivey9j@dell.com,Mommy,3.51,93681 Twin Pines Way,(143) 7453385,Password
Dominga,Kloska,dkloska9k@nytimes.com,Dominica,0.77,947 Oak Plaza,(120) 3853595,Passw0rd!
Pearce,Auden,sauden9l@china.com.cn,Sophronia,0.56,03 Merchant Point,(983) 4996627,Hunter2
Darline,Heinritz,fheinritz9m@answers.com,Feodora,2.45,987 Vermont Way,(691) 4655679,Password
Englebert,Rigg,grigg9n@a8.net,Gloriana,3.23,220 Declaration Place,(563) 4587044,Passw0rd!
Terrance,Fante,pfante9o@is.gd,Peg,3.29,90600 Kinsman Park,(714) 8111445,Hunter2
Maribelle,Warboy,awarboy9p@rambler.ru,Ansel,0.32,45386 Heath Hill,(589) 3019134,Password
Aura,Waring,bwaring9q@samsung.com,Bartholomew,1.9,78264 Katie Lane,(167) 3530219,Passw0rd!
Syd,Shanahan,ashanahan9r@spiegel.de,Ashlie,1.28,89 Wayridge Crossing,(276) 2268481,Hunter2
Sheffy,Pisco,cpisco9s@bigcartel.com,Care,3.84,158 Graceland Plaza,(322) 6615521,Password
Sauveur,O' Flaherty,coflaherty9t@dropbox.com,Carlie,1.86,7 Scofield Pass,(727) 8418647,Passw0rd!
Josiah,Willshaw,dwillshaw9u@gnu.org,Davina,0.75,71811 Hoffman Avenue,(584) 6707888,Hunter2
Keir,Greenlees,rgreenlees9v@sphinn.com,Ronda,0.4,6 Kropf Terrace,(976) 8355785,Password
Latisha,Scotchmor,cscotchmor9w@vimeo.com,Cristie,0.6,63390 Warner Street,(929) 9997807,Passw0rd!
Marianne,Dumbar,cdumbar9x@reference.com,Christy,3.5,47925 Ridge Oak Drive,(609) 6618210,Hunter2
Robb,Wittman,pwittman9y@godaddy.com,Pen,0.69,8193 Ridge Oak Place,(269) 3442740,Password
Aaron,Duffil,lduffil9z@time.com,Lemuel,2.52,656 Stang Street,(652) 4720708,Passw0rd!
Lacey,Heaven,lheavena0@blogspot.com,Leonardo,2.29,31 Linden Center,(854) 9343913,Hunter2
Casie,Dittson,wdittsona1@addthis.com,Wendy,2.94,97 Darwin Place,(683) 4792612,Password
Krissy,McAlindon,smcalindona2@nytimes.com,Suki,0.93,608 Calypso Park,(175) 3054321,Passw0rd!
Vassili,Borit,pborita3@digg.com,Purcell,3.75,61564 Park Meadow Road,(197) 8355941,Hunter2
Lock,Kellett,akelletta4@hibu.com,Agace,2.69,616 Talisman Avenue,(668) 4174853,Password
Jeanette,Moyne,lmoynea5@a8.net,Lil,3.7,5669 Pond Alley,(640) 4649648,Passw0rd!
Marysa,Peplay,vpeplaya6@census.gov,Verge,2,1155 Hansons Road,(774) 6662160,Hunter2
Lennie,O'Day,aodaya7@hostgator.com,Annis,0.37,2513 Sutteridge Junction,(271) 7272013,Password
Viva,Crouch,tcroucha8@marketwatch.com,Tony,0.96,07781 Erie Plaza,(344) 4897246,Passw0rd!
Jennee,Bernat,dbernata9@addthis.com,Desi,3.66,52 Tennyson Street,(553) 6032163,Hunter2
Alon,Maulkin,bmaulkinaa@360.cn,Bren,0.05,0 Fallview Trail,(166) 7409424,Password
Jobye,Grove,bgroveab@sourceforge.net,Boycie,2.97,4 Grover Court,(659) 2419655,Passw0rd!
Constance,Ohlsen,aohlsenac@instagram.com,Alisander,1.43,751 Carioca Parkway,(689) 5165800,Hunter2
Loralee,Larter,tlarterad@cnet.com,Talbot,1.01,14831 Green Avenue,(230) 8480711,Password
Willette,Brislane,lbrislaneae@amazon.com,Leif,1.12,82 Crest Line Parkway,(717) 1704847,Passw0rd!
Cal,Strowan,sstrowanaf@seesaa.net,Sacha,0.51,3511 Maryland Lane,(980) 2617696,Hunter2
Maxie,Hillburn,ahillburnag@ox.ac.uk,Ardelis,0.59,2891 Mesta Drive,(912) 4280286,Password
Frasco,Matt,gmattah@alibaba.com,Garry,2.71,1195 Straubel Park,(492) 2065598,Passw0rd!
Hanna,Gibke,agibkeai@slate.com,Antonio,1.17,1398 Dahle Avenue,(971) 6262024,Hunter2
Lynda,Perrinchief,rperrinchiefaj@wikimedia.org,Ruby,3.46,10 Jay Street,(968) 6792907,Password
Kelila,Odde,goddeak@mayoclinic.com,Gates,0.22,8012 Sherman Plaza,(369) 2087917,Passw0rd!
Lulu,Leat,mleatal@ca.gov,Marney,0.31,29011 Merrick Hill,(992) 8085593,Hunter2
Jasun,Kemell,ekemellam@blog.com,Eustacia,1.97,45930 Reinke Plaza,(136) 3633427,Password
Elle,Tarrant,jtarrantan@stumbleupon.com,Jeremias,0.88,9 Ryan Drive,(436) 6342037,Passw0rd!
Dinah,McGaugie,rmcgaugieao@skyrock.com,Rois,1.51,91372 Northwestern Court,(855) 7665832,Hunter2
Dorthy,Grigoire,rgrigoireap@angelfire.com,Raddie,3.93,03 Forest Run Place,(707) 8497381,Password
Giuseppe,Barford,mbarfordaq@storify.com,Mallory,0.81,153 Acker Point,(282) 3050927,Passw0rd!
Marc,MacPhaden,rmacphadenar@plala.or.jp,Reine,0.41,83413 Charing Cross Junction,(707) 5105065,Hunter2
Gauthier,Burrill,cburrillas@i2i.jp,Clarey,0.09,31 Cardinal Court,(695) 8498494,Password
Edvard,Limerick,climerickat@simplemachines.org,Cristionna,1.24,1334 Toban Alley,(767) 3271846,Passw0rd!
Keefe,Shambroke,rshambrokeau@answers.com,Reggy,2.59,80 Huxley Crossing,(944) 1128037,Hunter2
Karina,Aikin,saikinav@rediff.com,Stefanie,2.2,1 Goodland Avenue,(302) 6566793,Password
Fransisco,Ionnisian,cionnisianaw@blog.com,Cleopatra,3.12,013 Crowley Road,(267) 9226697,Passw0rd!
Heywood,Bergeon,hbergeonax@newyorker.com,Hyatt,3.13,57442 Manitowish Trail,(708) 3150141,Hunter2
Melisse,Gepheart,bgepheartay@opensource.org,Brana,0.02,37 Sheridan Center,(493) 8600541,Password
Koren,Tremblett,otremblettaz@discuz.net,Oralee,0,38401 Green Way,(952) 1867535,Passw0rd!
Tybalt,O'Connor,hoconnorb0@domainmarket.com,Hobart,1.8,71 Oriole Trail,(418) 2030202,Hunter2
Dawn,Van der Spohr,bvanderspohrb1@apple.com,Brittany,3.67,8 Raven Way,(169) 3765739,Password
Hardy,Clover,ecloverb2@home.pl,Elicia,3.69,86 American Trail,(305) 9070122,Passw0rd!
Karylin,Brass,rbrassb3@people.com.cn,Renell,2.19,87 3rd Alley,(959) 5537671,Hunter2
Rabi,Cornwell,rcornwellb4@webmd.com,Rod,3.42,2 Meadow Valley Hill,(417) 8173674,Password
Inge,Blenkinship,jblenkinshipb5@psu.edu,Jackie,2.86,03914 Porter Plaza,(491) 7750073,Passw0rd!
Daphene,Suddock,ssuddockb6@posterous.com,Salvador,3.44,21173 Fairfield Pass,(966) 8597580,Hunter2
Vachel,Goodacre,ggoodacreb7@seattletimes.com,Goran,1.98,6 Sycamore Pass,(440) 7965638,Password
Mordy,Yelding,gyeldingb8@upenn.edu,Guthrey,0.41,17 Roth Avenue,(102) 9407512,Passw0rd!
Monro,Coat,lcoatb9@surveymonkey.com,Lita,2.99,7 Tony Road,(832) 7400128,Hunter2
Filmer,Dewire,jdewireba@indiegogo.com,Jeramey,3.04,98 Coolidge Avenue,(691) 8972048,Password
Edythe,Woliter,vwoliterbb@umn.edu,Vaclav,3.29,13 8th Avenue,(670) 6188395,Passw0rd!
Garreth,Blakeney,rblakeneybc@time.com,Rea,1.63,98947 Schurz Park,(785) 6168247,Hunter2
Cheryl,Dommersen,mdommersenbd@example.com,Morley,3.29,92598 Browning Parkway,(143) 3724392,Password
Chad,Cardwell,kcardwellbe@youtu.be,Kirsteni,2.27,0 Talmadge Alley,(860) 8519850,Passw0rd!
Petunia,Gentery,ugenterybf@google.es,Uta,2.84,16 Novick Trail,(218) 1037284,Hunter2
Mia,Vasilmanov,pvasilmanovbg@bing.com,Peggy,3.75,0393 Red Cloud Trail,(738) 5652872,Password
Janna,Shrubsall,ashrubsallbh@marketwatch.com,Allayne,1.76,1729 Briar Crest Point,(278) 3990947,Passw0rd!
Lexis,Aireton,hairetonbi@elegantthemes.com,Hatty,0.94,46318 Burning Wood Park,(715) 2904929,Hunter2
Karon,Sambeck,lsambeckbj@hugedomains.com,Lettie,3.1,38 Colorado Court,(923) 1298935,Password
May,Eccott,geccottbk@unc.edu,Gerti,2.49,922 Crowley Place,(464) 9809929,Passw0rd!
Farlee,Pennini,mpenninibl@gmpg.org,Martelle,0.48,897 Nelson Circle,(208) 5046550,Hunter2
Kermit,Spuffard,vspuffardbm@noaa.gov,Valry,0.57,1822 Victoria Drive,(362) 5586408,Password
Zebedee,Soulsby,gsoulsbybn@youtu.be,Guenevere,0.09,685 Johnson Alley,(583) 7113700,Passw0rd!
Caralie,Jeyes,pjeyesbo@digg.com,Pier,1.03,28381 Corry Place,(939) 7075133,Hunter2
Rodrick,Woolner,cwoolnerbp@china.com.cn,Catha,0.42,9440 Vernon Center,(605) 8752536,Password
Brittni,Beddard,lbeddardbq@bbb.org,Lissy,0.44,73 Elka Lane,(533) 8886280,Passw0rd!
Cherin,Smallridge,csmallridgebr@odnoklassniki.ru,Cass,1.47,016 Anhalt Lane,(202) 1956948,Hunter2
Jocelyn,O' Loughran,ioloughranbs@adobe.com,Ilaire,3.18,02 Walton Road,(792) 3841212,Password
Rog,Wakes,kwakesbt@java.com,Klarika,3.21,89456 Derek Place,(331) 8124936,Passw0rd!
Lev,Axtell,yaxtellbu@independent.co.uk,Yoshiko,2.05,14890 Carioca Point,(507) 8949325,Hunter2
Arabelle,Hesse,bhessebv@studiopress.com,Bryanty,3.8,44 Atwood Plaza,(403) 8858287,Password
Thomasine,Napton,jnaptonbw@1und1.de,Jillene,1.12,128 Trailsway Trail,(238) 1199859,Passw0rd!
Edithe,Frith,pfrithbx@hatena.ne.jp,Piotr,1.86,52591 Messerschmidt Pass,(658) 9514827,Hunter2
Leela,Bedo,rbedoby@bbc.co.uk,Riva,3.39,87 Fremont Circle,(779) 4559753,Password
Aubree,Yoslowitz,hyoslowitzbz@opensource.org,Hayden,3.62,2026 Union Street,(473) 4603127,Passw0rd!
Maryjo,McCunn,lmccunnc0@purevolume.com,Luz,2.94,700 Homewood Trail,(835) 9860690,Hunter2
Faulkner,Pavic,spavicc1@uol.com.br,Sapphira,2.74,34 Redwing Crossing,(517) 1968457,Password
Denny,Horbart,bhorbartc2@berkeley.edu,Brnaba,3.24,9822 Lighthouse Bay Street,(466) 9446941,Passw0rd!
Jackson,Loos,floosc3@artisteer.com,Fairfax,0.76,8 Chive Terrace,(417) 7607378,Hunter2
Ross,Batthew,hbatthewc4@homestead.com,Humberto,3.38,77 Tony Park,(270) 9343570,Password
Jeanne,Justun,ajustunc5@mit.edu,Anitra,0.17,43750 Coleman Street,(236) 3262389,Passw0rd!
Reid,Whitmarsh,cwhitmarshc6@uol.com.br,Clo,0.58,24 Shopko Center,(276) 8347896,Hunter2
Ed,Thomassen,pthomassenc7@craigslist.org,Pancho,3.82,65 Mallard Parkway,(790) 1561111,Password
Danette,Woodhead,ewoodheadc8@newsvine.com,Eddy,1.88,65020 Manufacturers Junction,(338) 6915876,Passw0rd!
Moselle,Coulbeck,hcoulbeckc9@icio.us,Harmonia,0.49,6 Oneill Road,(889) 8132461,Hunter2
Rock,Winfindale,wwinfindaleca@ted.com,Ward,0.06,98279 Anhalt Junction,(678) 7070767,Password
Tamma,McRonald,jmcronaldcb@uiuc.edu,Jourdain,2.76,28308 Annamark Hill,(192) 1299341,Passw0rd!
Petra,Braunton,mbrauntoncc@huffingtonpost.com,Margit,2.96,4198 Anhalt Place,(304) 3730471,Hunter2
Hermina,Gowrie,tgowriecd@delicious.com,Tab,1.46,40 Delaware Street,(303) 5361302,Password
Rolph,Swiffin,mswiffince@hp.com,Monique,0.83,352 Del Mar Lane,(790) 4105347,Passw0rd!
Maximilien,Cleare,mclearecf@networkadvertising.org,Morten,2.95,8705 Heffernan Park,(113) 1809327,Hunter2
Breena,Marcum,dmarcumcg@irs.gov,Dona,2.15,1 6th Way,(712) 8554826,Password
Lemmie,Mitro,wmitroch@bandcamp.com,Winnie,2.65,48 Crescent Oaks Hill,(600) 2528174,Passw0rd!
Nolan,Chong,mchongci@github.io,Mirabel,0.6,1640 Vahlen Way,(516) 1663078,Hunter2
Danielle,Seeds,cseedscj@washingtonpost.com,Claiborne,0.4,98522 Manitowish Pass,(148) 9356171,Password
Roxane,Banbrook,vbanbrookck@phoca.cz,Veronique,2.92,434 Raven Road,(651) 3261073,Passw0rd!
Pearce,Orrock,eorrockcl@feedburner.com,Eveleen,1.96,3279 Sachs Junction,(134) 5673137,Hunter2
Royce,Tute,ltutecm@jalbum.net,Laurianne,3.23,2690 Sage Circle,(909) 5438838,Password
Beck,Jefferies,hjefferiescn@creativecommons.org,Hana,1.13,567 Daystar Court,(912) 7612165,Passw0rd!
Angie,O'Bradden,dobraddenco@shareasale.com,Devy,2.09,822 Del Mar Terrace,(872) 6674526,Hunter2
Felita,Iorizzi,jiorizzicp@unesco.org,Jerry,3.71,317 Autumn Leaf Center,(750) 4972298,Password
Wernher,Dukesbury,bdukesburycq@gizmodo.com,Bald,3.91,17306 Anniversary Court,(897) 8797220,Passw0rd!
Gilli,O'Fihily,kofihilycr@imgur.com,Ky,0.19,7013 Utah Crossing,(149) 7332241,Hunter2
Hesther,Brownlow,gbrownlowcs@earthlink.net,Gisele,2.53,6 Lerdahl Lane,(295) 6191087,Password
Eldin,Cormode,rcormodect@naver.com,Rod,2.4,1179 Shasta Parkway,(267) 9042131,Passw0rd!
Kailey,Werndly,rwerndlycu@ucoz.com,Ros,1.26,47758 American Ash Pass,(509) 7081649,Hunter2
Claretta,Farman,dfarmancv@amazonaws.com,Davida,2.26,7 Vidon Plaza,(845) 5788108,Password
Jillene,Link,vlinkcw@census.gov,Viva,2.31,94 Bayside Hill,(211) 8410569,Passw0rd!
Renee,Tuke,ttukecx@examiner.com,Thornton,2.25,07 Sycamore Trail,(277) 9109157,Hunter2
Kristin,Mowett,gmowettcy@deviantart.com,Gianni,2.5,63628 8th Pass,(950) 6332490,Password
Erin,Raddish,nraddishcz@geocities.jp,Noak,3.23,9176 Hermina Point,(532) 4563203,Passw0rd!
Tripp,Riccard,hriccardd0@wordpress.org,Hillel,3.07,1175 Hanover Lane,(825) 4948559,Hunter2
Grethel,Antoniades,rantoniadesd1@cbslocal.com,Ravi,3.3,07 Evergreen Plaza,(137) 1209020,Password
Lida,Ladbrook,eladbrookd2@icio.us,Edward,0.24,059 Forest Run Alley,(561) 9301174,Passw0rd!
Judi,Parley,rparleyd3@people.com.cn,Ronny,0.67,2138 Comanche Place,(214) 6751540,Hunter2
Clara,Brittles,bbrittlesd4@seesaa.net,Briano,3.89,344 Hooker Avenue,(220) 5133766,Password
Edsel,Talks,rtalksd5@seattletimes.com,Ronnica,1.97,1995 Milwaukee Court,(249) 2480253,Passw0rd!
Rayner,Abbison,mabbisond6@netlog.com,Myrtice,2.82,6 Artisan Place,(425) 1738040,Hunter2
Ariana,Deeman,gdeemand7@google.cn,Godfrey,3.5,4456 Eggendart Drive,(518) 4988438,Password
Cyrill,Pirrone,cpirroned8@shinystat.com,Cleavland,0.11,4 Lotheville Road,(960) 2717506,Passw0rd!
Sybila,Barthelet,bbartheletd9@tripod.com,Bambie,0.35,64 Hanover Circle,(161) 1597953,Hunter2
Pernell,Ruperto,drupertoda@cpanel.net,Dagny,0.32,8 Colorado Place,(646) 2038770,Password
Kelli,Saiz,usaizdb@upenn.edu,Ulrikaumeko,3.58,6 Mayfield Terrace,(954) 1210161,Passw0rd!
Aland,Matuszinski,ematuszinskidc@ihg.com,Erick,3.39,4834 Michigan Lane,(434) 2596814,Hunter2
Fedora,Della,cdelladd@wordpress.org,Chester,0.5,886 Northview Court,(564) 6511727,Password
Zacharie,Aizkovitch,caizkovitchde@flickr.com,Cyndia,2.22,3832 Carberry Hill,(598) 7653438,Passw0rd!
Maris,Wytchard,twytcharddf@feedburner.com,Tasia,0.66,105 Cordelia Court,(323) 5741047,Hunter2
Kenny,Hoffman,mhoffmandg@home.pl,Moselle,0.93,80 Grasskamp Plaza,(189) 4111266,Password
Bald,Smedmore,msmedmoredh@smugmug.com,Mellisent,1.43,3 Canary Way,(896) 2937652,Passw0rd!
Dorothea,Stitson,astitsondi@indiatimes.com,Aubert,1.72,0 Miller Crossing,(543) 6572167,Hunter2
Willie,Hewlings,khewlingsdj@paginegialle.it,Kyrstin,1.76,9 Evergreen Court,(787) 5509397,Password
Cedric,Stickells,lstickellsdk@shop-pro.jp,Layney,1.59,31265 Derek Way,(869) 9635288,Passw0rd!
Karita,Lorenz,slorenzdl@alibaba.com,Stevie,0.54,27803 Cottonwood Road,(305) 7252128,Hunter2
Constanta,Gaskall,rgaskalldm@last.fm,Rita,3.05,6 Sachtjen Center,(369) 9613912,Password
Drucie,Deackes,cdeackesdn@dyndns.org,Cal,2.66,15327 Mallory Drive,(820) 2066689,Passw0rd!
Petronille,Willers,cwillersdo@istockphoto.com,Corene,0.67,373 John Wall Way,(832) 2939456,Hunter2
Remy,Keems,rkeemsdp@rambler.ru,Reba,0.67,508 Bowman Circle,(746) 6817422,Password
Ephrayim,Gabriel,dgabrieldq@yahoo.co.jp,Dennie,2.46,153 Mesta Terrace,(775) 5846687,Passw0rd!
Fielding,Camelli,rcamellidr@ezinearticles.com,Raff,1.33,0359 Dahle Terrace,(622) 5223859,Hunter2
Harald,Bartle,bbartleds@deviantart.com,Briny,0.43,11 Artisan Center,(236) 2233647,Password
Kurtis,Libreros,vlibrerosdt@psu.edu,Vevay,3.15,87921 Village Park,(651) 4164468,Passw0rd!
Deana,Reidshaw,greidshawdu@topsy.com,Galven,0.37,0636 West Parkway,(947) 5546474,Hunter2
Emilie,Spedroni,nspedronidv@fda.gov,Nathanial,0.39,805 Debra Avenue,(522) 5381754,Password
Benny,Benedicto,fbenedictodw@discuz.net,Faun,1.74,236 Dapin Circle,(230) 6546059,Passw0rd!
Brooks,Gaudon,bgaudondx@ucsd.edu,Barr,1.19,6423 Milwaukee Crossing,(748) 5951109,Hunter2
Hugo,McMains,lmcmainsdy@netlog.com,Lindon,1.92,78139 Randy Court,(613) 3224313,Password
Vitia,Selcraig,aselcraigdz@samsung.com,Athene,0.68,75 Garrison Lane,(885) 7502292,Passw0rd!
Nilson,Braisted,rbraistede0@themeforest.net,Rea,0.63,6021 Ohio Parkway,(436) 3984448,Hunter2
Marlo,Aistrop,saistrope1@blog.com,Shara,2.03,072 Eagan Lane,(185) 7565506,Password
Chen,Fluit,dfluite2@sbwire.com,Darryl,3.07,61149 Arapahoe Point,(803) 8902862,Passw0rd!
Gustaf,Muino,vmuinoe3@wordpress.com,Valina,3.87,13348 Almo Place,(702) 5474816,Hunter2
Kacey,Sange,asangee4@dell.com,Antonietta,3.33,708 Center Plaza,(213) 5320676,Password
Netta,Bertlin,hbertline5@fda.gov,Hallie,3.54,161 Welch Parkway,(581) 3398026,Passw0rd!
Craggy,Nicely,snicelye6@statcounter.com,Shaun,1.37,7608 Michigan Court,(386) 2168462,Hunter2
Toddy,Ewles,lewlese7@sciencedirect.com,Lissa,1.24,002 Debra Point,(703) 2224743,Password
Cathlene,Lyons,rlyonse8@jimdo.com,Raff,0.39,9275 Blaine Place,(299) 1854823,Passw0rd!
Nathanil,Canto,ucantoe9@de.vu,Ulick,1.24,1140 Oxford Court,(234) 8670251,Hunter2
Gino,Bohlens,jbohlensea@creativecommons.org,Johnath,0.47,7712 Vahlen Plaza,(209) 9507766,Password
Clementine,Rainon,mrainoneb@joomla.org,Marlon,1.38,4 Beilfuss Trail,(604) 2143325,Passw0rd!
Fredi,Arson,carsonec@cdc.gov,Carlee,1.92,845 Heath Drive,(963) 9641594,Hunter2
Reeta,Scargle,dscargleed@washingtonpost.com,Darwin,2.85,8 Stoughton Lane,(518) 6849596,Password
Mariam,Perche,spercheee@spiegel.de,Skye,1.66,41 Schiller Terrace,(902) 8663673,Passw0rd!
Shelden,Coade,mcoadeef@facebook.com,Melba,1.16,555 Hoard Alley,(188) 9694355,Hunter2
Killy,Hoofe,dhoofeeg@princeton.edu,Dalila,3.64,4 Oriole Point,(921) 8032884,Password
Abraham,Beccles,mbeccleseh@mlb.com,Maryl,3.04,7358 Pleasure Center,(915) 9960601,Passw0rd!
Alika,Boig,pboigei@skype.com,Perceval,2.2,10042 Canary Lane,(599) 3986170,Hunter2
Odey,Showalter,nshowalterej@comcast.net,Neysa,3.6,62 Huxley Circle,(753) 5932834,Password
Jackelyn,Trengrouse,xtrengrouseek@opensource.org,Xenos,1.7,3 Ilene Alley,(439) 1143334,Passw0rd!
Natividad,Hampton,shamptonel@nyu.edu,Sergent,2.26,78 Basil Alley,(474) 8599858,Hunter2
Penrod,Fetherstan,afetherstanem@bloglovin.com,Adoree,1.66,92287 Spohn Trail,(732) 9522277,Password
Helsa,Macieiczyk,hmacieiczyken@unc.edu,Horatio,0.65,42521 Coolidge Crossing,(934) 2271812,Passw0rd!
Shepperd,Brennand,mbrennandeo@domainmarket.com,Marianna,0.02,5244 Clove Place,(304) 4933520,Hunter2
Kanya,Chapelhow,lchapelhowep@parallels.com,Leodora,0.56,2 Jenna Avenue,(758) 6130917,Password
Sheree,Simcock,msimcockeq@macromedia.com,Meggy,3.43,1 Barnett Lane,(936) 4067464,Passw0rd!
Farrand,Woollam,fwoollamer@yandex.ru,Farra,3.43,5541 Prairieview Junction,(233) 2671742,Hunter2
Flemming,McRoberts,emcrobertses@webmd.com,Errick,0.19,2058 Fairview Avenue,(361) 2872392,Password
Shela,Parades,oparadeset@jiathis.com,Orazio,2.56,5547 Esch Drive,(611) 4766423,Passw0rd!
Arliene,Emanuel,lemanueleu@cisco.com,Liana,2.99,76213 Loftsgordon Plaza,(972) 6718306,Hunter2
Dionis,Pere,bpereev@cdc.gov,Bride,0.69,46554 Lighthouse Bay Court,(674) 4594461,Password
Quintana,Hellicar,lhellicarew@oracle.com,Letisha,1.84,9815 Novick Plaza,(728) 2000400,Passw0rd!
Diahann,Huthart,dhuthartex@ebay.com,Dinah,2.52,821 Golden Leaf Hill,(167) 1575519,Hunter2
Lilllie,Moysey,bmoyseyey@flickr.com,Bobbee,0,07 Arapahoe Point,(746) 7288717,Password
Orland,Yitzhakof,ryitzhakofez@ezinearticles.com,Rustie,0.91,9 Westend Park,(578) 7984852,Passw0rd!
Noble,Gimeno,egimenof0@cnbc.com,Emelia,0.05,39 Gina Lane,(383) 4161410,Hunter2
Ilene,Lacelett,rlacelettf1@mashable.com,Ralph,1.78,4801 Vidon Parkway,(328) 6276756,Password
Boy,Rawlence,rrawlencef2@hexun.com,Rivy,3.13,375 Luster Way,(601) 3514515,Passw0rd!
Doe,Potell,kpotellf3@earthlink.net,Katheryn,3.77,4 Jackson Lane,(349) 5313738,Hunter2
Margarete,Likly,cliklyf4@networksolutions.com,Carmelina,1.2,23 Sherman Pass,(628) 8846553,Password
Britta,McElory,rmceloryf5@webmd.com,Rawley,2.63,7695 Rieder Terrace,(806) 3286966,Passw0rd!
Jerald,Benfell,vbenfellf6@ucoz.ru,Vick,0.79,040 Rieder Place,(156) 4070437,Hunter2
Teodoor,Whitecross,cwhitecrossf7@shareasale.com,Chrissy,2.87,9959 Monument Road,(130) 3347529,Password
Zuzana,Standbridge,tstandbridgef8@tripadvisor.com,Thorsten,0.49,938 Welch Trail,(477) 5226340,Passw0rd!
Brooks,Sloat,jsloatf9@shinystat.com,Jordon,1.14,111 Blaine Plaza,(781) 9894425,Hunter2
Eberhard,Keele,kkeelefa@whitehouse.gov,Kienan,0.31,57699 Gulseth Lane,(612) 9321108,Password
Innis,McCarlie,amccarliefb@irs.gov,Albert,1.1,7790 Bay Terrace,(507) 6220493,Passw0rd!
Martino,Polland,kpollandfc@gov.uk,Kain,2.37,2 Crowley Drive,(916) 5117050,Hunter2
Lynda,Balfe,mbalfefd@chicagotribune.com,Munmro,1.84,610 Grasskamp Trail,(791) 2774198,Password
Sterne,Daveridge,kdaveridgefe@homestead.com,Karon,2.82,48078 Village Green Place,(202) 6460008,Passw0rd!
Konstantin,Scrivner,tscrivnerff@webs.com,Tessie,0.69,87 Thompson Way,(391) 5814344,Hunter2
Bonita,Drayson,adraysonfg@dailymail.co.uk,Atlanta,1.67,5007 Valley Edge Pass,(175) 5894980,Password
Sheffie,Evenett,kevenettfh@chronoengine.com,Kimmie,0.49,6 Goodland Road,(901) 8194547,Passw0rd!
Royal,Sames,asamesfi@wikipedia.org,Alphard,3.53,53880 Moland Point,(805) 5805367,Hunter2
Joyous,Brilleman,mbrillemanfj@goodreads.com,Meier,3.23,1360 Linden Drive,(514) 4713565,Password
Meggie,Stapele,kstapelefk@blogspot.com,Kore,3.4,485 Prairieview Way,(995) 6923757,Passw0rd!
Arlin,Hiom,whiomfl@slate.com,Waylin,1.7,796 High Crossing Alley,(947) 1342299,Hunter2
Bobinette,MacKissack,hmackissackfm@sina.com.cn,Ham,3.59,74 Messerschmidt Circle,(864) 2773508,Password
Jaime,Hullock,mhullockfn@tuttocitta.it,My,1.9,8 Hanson Parkway,(706) 3604269,Passw0rd!
Clyve,Lenglet,alengletfo@baidu.com,Aldis,2.47,574 Chive Way,(457) 7975445,Hunter2
Jeannette,Wellum,lwellumfp@phoca.cz,Leoline,1.73,3886 Clove Way,(695) 2247035,Password
Glad,Tellett,mtellettfq@ehow.com,Maisie,2.98,9059 Huxley Drive,(888) 5326512,Passw0rd!
Suzette,Brian,lbrianfr@parallels.com,Lauryn,2.38,2375 Melrose Hill,(464) 1245782,Hunter2
Parke,Denge,ddengefs@weebly.com,Dorris,3.64,4844 Summit Terrace,(265) 3320263,Password
Martyn,Pattlel,apattlelft@netvibes.com,Agustin,0.22,37 Carpenter Lane,(990) 4435751,Passw0rd!
Sheryl,Proffitt,eproffittfu@list-manage.com,Eddie,0.13,42486 Eastlawn Terrace,(423) 2055292,Hunter2
Alissa,Hanes,bhanesfv@dot.gov,Bradley,1.06,2961 Anhalt Terrace,(640) 9631647,Password
Curtice,Kennerley,gkennerleyfw@independent.co.uk,Granthem,0.88,4 Superior Lane,(784) 2105612,Passw0rd!
Dodi,Kirkham,akirkhamfx@123-reg.co.uk,Alexina,3.42,76609 Bluejay Place,(413) 6661118,Hunter2
Patricio,Nodin,gnodinfy@elegantthemes.com,Gail,3.13,031 Scoville Trail,(799) 9542174,Password
Darill,Larchier,llarchierfz@sogou.com,Lethia,0.97,5195 Pine View Junction,(679) 4703183,Passw0rd!
Gil,Spalding,lspaldingg0@tinyurl.com,Leonanie,0.03,8 Towne Lane,(136) 4617192,Hunter2
Melba,Bufton,fbuftong1@apache.org,Flem,0.24,410 Jenna Trail,(683) 1039728,Password
Roanna,Challens,tchallensg2@youtube.com,Ted,3.57,7124 Melrose Hill,(659) 2081637,Passw0rd!
Wallie,Calltone,fcalltoneg3@businessinsider.com,Floyd,0.21,7807 Boyd Place,(644) 1054313,Hunter2
Yoshiko,Remmer,tremmerg4@google.de,Taber,0.79,82665 John Wall Point,(854) 1831352,Password
Nicolle,Plover,sploverg5@state.gov,Samaria,2.82,4688 Katie Lane,(245) 5637164,Passw0rd!
Harper,Elgey,melgeyg6@npr.org,Moyna,3.64,48570 Sullivan Place,(565) 6344312,Hunter2
Jefferson,Upshall,cupshallg7@friendfeed.com,Caldwell,2.59,02 Haas Way,(617) 1755619,Password
Sandor,Willbond,zwillbondg8@so-net.ne.jp,Zora,0.97,25 Hanson Circle,(456) 7847484,Passw0rd!
Justin,Kave,fkaveg9@princeton.edu,Ferrel,3.04,3 Vahlen Way,(394) 6597935,Hunter2
Fernandina,Drable,bdrablega@prnewswire.com,Berky,2.19,8689 Manufacturers Point,(855) 5735230,Password
Aurilia,Edmonston,pedmonstongb@hhs.gov,Pattie,3.27,97 La Follette Pass,(648) 3469130,Passw0rd!
Jenda,Thorlby,bthorlbygc@foxnews.com,Brittney,1.69,2 Golf Course Drive,(772) 6647866,Hunter2
Pasquale,Laurenson,claurensongd@virginia.edu,Chandra,3.56,098 Kim Road,(346) 7412712,Password
Port,Choake,achoakege@irs.gov,Alvie,1.27,80436 Ridgeway Circle,(564) 7040953,Passw0rd!
Alisa,Okell,yokellgf@friendfeed.com,Yolanda,2.97,7 Fieldstone Lane,(628) 3896828,Hunter2
Lynnette,Pavel,mpavelgg@latimes.com,Massimo,2.54,5 Hansons Place,(305) 2456970,Password
Angus,McEvon,gmcevongh@zdnet.com,Gladys,1.03,4 Valley Edge Hill,(174) 1443944,Passw0rd!
Irving,Megainey,cmegaineygi@feedburner.com,Carlotta,1.63,12 Butterfield Park,(129) 9477413,Hunter2
Alvera,Rishman,mrishmangj@flickr.com,Mella,1.24,42236 Sloan Point,(246) 8333985,Password
Benji,Noblett,anoblettgk@uiuc.edu,Anne-marie,1.87,112 Talisman Alley,(608) 5144265,Passw0rd!
Ianthe,Lexa,mlexagl@jiathis.com,Marcy,0.57,60468 Transport Hill,(620) 9460798,Hunter2
Roxanna,Smowton,ssmowtongm@chicagotribune.com,Salomo,3.01,43519 Spaight Way,(904) 8715765,Password
Arlee,Glidder,lgliddergn@dmoz.org,Laureen,3.01,570 Lighthouse Bay Hill,(611) 3584085,Passw0rd!
Abelard,Cattenach,ccattenachgo@cisco.com,Chandra,0.07,1199 Onsgard Junction,(441) 7636488,Hunter2
Dennie,Quarrie,nquarriegp@amazon.co.jp,Nelie,0.74,8 Karstens Street,(228) 2281369,Password
Emmy,O'Kane,rokanegq@smugmug.com,Reinold,3.95,559 Orin Court,(220) 3587668,Passw0rd!
Budd,Tunbridge,stunbridgegr@hatena.ne.jp,Saul,1.28,8513 Eagle Crest Alley,(301) 4582866,Hunter2
Georgeanne,Carvilla,vcarvillags@altervista.org,Violette,3.66,7 Knutson Hill,(727) 5666064,Password
Teddy,Schimek,dschimekgt@freewebs.com,Darbee,0.09,2 Sachtjen Drive,(624) 7099587,Passw0rd!
Hy,Normanville,hnormanvillegu@foxnews.com,Holli,3.47,82991 Merrick Drive,(396) 2571134,Hunter2
Basil,Maddigan,amaddigangv@tinyurl.com,Agatha,3.1,4 Harbort Park,(848) 9097250,Password
Dale,Eddington,ceddingtongw@nyu.edu,Coreen,3.79,8043 Ridgeview Plaza,(739) 1375124,Passw0rd!
Hercule,Offiler,coffilergx@jigsy.com,Carlo,1.69,2 Raven Way,(859) 8560366,Hunter2
Fawne,Stainland,dstainlandgy@bbc.co.uk,Dagny,0.89,064 Erie Park,(785) 3808470,Password
Kimbell,Asling,maslinggz@blog.com,Maggie,0.88,850 Susan Trail,(917) 2303319,Passw0rd!
Hildagard,Celloni,jcellonih0@123-reg.co.uk,Joleen,2.98,0450 Menomonie Center,(410) 9256822,Hunter2
Trenton,Growcock,bgrowcockh1@adobe.com,Brendan,1.11,20 Westport Park,(320) 8668606,Password
Culley,Buswell,mbuswellh2@so-net.ne.jp,Massimiliano,1.89,19048 Schurz Place,(572) 8606039,Passw0rd!
Myra,Anderer,iandererh3@wordpress.org,Irving,2.14,5 Pond Crossing,(129) 4343340,Hunter2
Ham,Mohun,amohunh4@boston.com,Audie,3.98,768 Sachs Place,(434) 2866682,Password
Lorianna,Vinten,svintenh5@si.edu,Sigfrid,1.57,31636 7th Junction,(568) 2568673,Passw0rd!
Rosaline,Ellett,gelletth6@stanford.edu,Gram,2.65,4666 Warner Plaza,(137) 5944676,Hunter2
Gaylor,Brevitt,rbrevitth7@ibm.com,Reinhold,2.21,642 Towne Plaza,(351) 5351114,Password
Josie,Farreil,afarreilh8@amazon.de,Anne-corinne,0.57,4 Maryland Junction,(626) 1905711,Passw0rd!
Abbye,Yesichev,myesichevh9@exblog.jp,Mira,2.41,5475 Grover Court,(767) 7409890,Hunter2
Wilfrid,Bufton,nbuftonha@kickstarter.com,Nanci,3.56,87068 Melrose Point,(606) 9643941,Password
Samaria,Chattaway,mchattawayhb@tumblr.com,Mavis,0.82,5 Kipling Park,(663) 3515782,Passw0rd!
Berry,Stronach,pstronachhc@hud.gov,Perl,0.06,7009 Sunbrook Avenue,(999) 8188509,Hunter2
Fawne,Rumble,arumblehd@com.com,Arabele,2.48,149 Hoffman Center,(802) 8189611,Password
Marlyn,Jarman,djarmanhe@aol.com,Dido,2.39,92442 Washington Drive,(130) 9291187,Passw0rd!
Orville,Linke,clinkehf@dell.com,Cecily,0.76,6 Corry Street,(763) 6915083,Hunter2
Quent,Srutton,bsruttonhg@microsoft.com,Boyce,1.9,665 Commercial Plaza,(736) 2467051,Password
Saxon,Meindl,ameindlhh@google.de,Alis,1.72,22 Union Trail,(650) 8692563,Passw0rd!
Eddie,Loughney,kloughneyhi@miibeian.gov.cn,Krisha,0.63,0100 Maywood Place,(674) 3959168,Hunter2
Andris,De Wolfe,kdewolfehj@surveymonkey.com,Kermy,3.73,10708 Forest Dale Crossing,(826) 9966858,Password
Ransell,Mariel,mmarielhk@intel.com,Mikaela,0.8,48765 Calypso Way,(409) 5553582,Passw0rd!
Byrom,Alliband,callibandhl@fotki.com,Christabel,3.09,22840 Monterey Hill,(989) 7681512,Hunter2
Artemus,Thorington,kthoringtonhm@mozilla.org,Kippie,3.07,93 Helena Junction,(244) 7219961,Password
Giff,Hrihorovich,chrihorovichhn@soup.io,Callean,0.35,448 Bultman Crossing,(829) 8047610,Passw0rd!
Happy,Lake,rlakeho@indiatimes.com,Rebekah,0.58,030 Dorton Hill,(534) 9848283,Hunter2
Kittie,Douse,ddousehp@msn.com,Davidde,4,5 Esker Point,(774) 7553719,Password
Kristina,Brehat,nbrehathq@techcrunch.com,Natala,0.25,04 Surrey Place,(225) 4164567,Passw0rd!
Francoise,Guerro,eguerrohr@yellowpages.com,Ertha,0.51,991 Dayton Place,(294) 2375108,Hunter2
Raoul,Dunster,hdunsterhs@tripadvisor.com,Harmonie,0.47,7494 Twin Pines Road,(758) 5205045,Password
Guglielma,Lanceley,clanceleyht@wikispaces.com,Chane,0.12,40107 Derek Drive,(931) 8616525,Passw0rd!
Northrup,Stoyles,ystoyleshu@homestead.com,Yvette,3.28,17 Granby Point,(381) 2755504,Hunter2
Jethro,Rappa,orappahv@huffingtonpost.com,Othella,3.29,9869 Marcy Park,(232) 1525916,Password
Alanah,Yukhnev,myukhnevhw@plala.or.jp,Madelena,3.92,869 Nancy Drive,(526) 6400313,Passw0rd!
Gerick,Yellep,ryellephx@omniture.com,Robbie,0.61,0 Knutson Parkway,(361) 2128016,Hunter2
Klaus,Brandi,wbrandihy@shareasale.com,Wallis,2.25,75140 Eliot Way,(408) 2776810,Password
Elonore,Brimilcombe,hbrimilcombehz@cdc.gov,Hallsy,3.08,45971 Shasta Lane,(364) 1160699,Passw0rd!
Shawn,Van Velden,evanveldeni0@ibm.com,Edan,1.14,2029 Delladonna Court,(264) 3183105,Hunter2
Scottie,Kurten,jkurteni1@e-recht24.de,Jourdan,1.19,31884 Bluejay Court,(115) 4005838,Password
Luci,Dearden,bdeardeni2@xrea.com,Burch,3.66,84 2nd Crossing,(260) 7454007,Passw0rd!
Jemmy,Galliard,jgalliardi3@boston.com,Jaclin,3.71,164 Daystar Center,(701) 3028210,Hunter2
Ashien,Scrimshire,kscrimshirei4@dagondesign.com,Kinsley,3.33,99 Village Green Trail,(269) 2524319,Password
Boony,Lorman,alormani5@prweb.com,Arlin,1.16,381 Grasskamp Way,(293) 5762562,Passw0rd!
Patric,Ball,tballi6@privacy.gov.au,Towney,1.99,0318 Butternut Circle,(791) 1790716,Hunter2
Rosabelle,Renfield,grenfieldi7@nyu.edu,Glennie,2.47,784 High Crossing Way,(997) 2174070,Password
Corrie,Morse,dmorsei8@va.gov,Denyse,1.66,7617 Lakeland Park,(156) 3619575,Passw0rd!
Allison,Bridle,abridlei9@reverbnation.com,Alick,1.66,80490 Helena Circle,(899) 9394554,Hunter2
Tallou,Lindenberg,alindenbergia@prnewswire.com,Alethea,1.91,34032 Tennessee Park,(856) 9323155,Password
Stephie,Tremontana,dtremontanaib@army.mil,Dorise,1.38,5392 Bashford Street,(340) 9472711,Passw0rd!
Claudianus,Gregan,bgreganic@liveinternet.ru,Bessie,0.64,85401 Arkansas Court,(639) 6723930,Hunter2
Arri,Bimson,rbimsonid@mlb.com,Ruddy,0.12,00913 Northridge Parkway,(559) 8607300,Password
Andee,Sworn,jswornie@youtu.be,Jaquith,2.79,93638 Spenser Point,(488) 1829270,Passw0rd!
Carter,Huncote,thuncoteif@soup.io,Torey,0.25,14147 Hanson Lane,(752) 6724229,Hunter2
Corby,Ruddin,truddinig@dropbox.com,Theadora,0.01,8 Ridge Oak Drive,(687) 3620158,Password
Erena,Jezard,ajezardih@wired.com,Adham,2.58,7 Spohn Pass,(825) 5203105,Passw0rd!
Eliot,Beneyto,cbeneytoii@about.com,Cosetta,3.51,109 Annamark Terrace,(292) 9351107,Hunter2
Caterina,Fritschel,jfritschelij@aol.com,Janeen,1.51,71950 Mayfield Plaza,(187) 6796613,Password
Eachelle,Nerger,cnergerik@chronoengine.com,Cicily,3.94,60 Mariners Cove Hill,(102) 7572572,Passw0rd!
Lemmy,Tabary,ktabaryil@yahoo.co.jp,Kris,3.34,59733 Moose Center,(915) 1907012,Hunter2
Germaine,Whicher,fwhicherim@mapy.cz,Fee,0.78,3246 Mccormick Center,(683) 8545667,Password
Meggi,Malkie,cmalkiein@umich.edu,Claudetta,2.16,5925 Gulseth Road,(224) 2489250,Passw0rd!
Dominick,Carnier,dcarnierio@blogtalkradio.com,Dniren,2.37,84759 Hovde Court,(140) 1126889,Hunter2
Wolfie,Tattersall,mtattersallip@slideshare.net,Minnaminnie,2.13,18594 Redwing Center,(222) 9841094,Password
Hayley,Cowan,ccowaniq@walmart.com,Crystie,0.15,1136 Karstens Road,(182) 5242940,Passw0rd!
Demeter,Dickman,edickmanir@boston.com,Elane,1.37,89 Di Loreto Court,(597) 1570113,Hunter2
Arturo,Shakespear,wshakespearis@prlog.org,Wallie,2.64,0 International Place,(575) 7102051,Password
Ulberto,Towe,ltoweit@spiegel.de,Liz,3.95,70 Fallview Street,(232) 7599423,Passw0rd!
Judye,Riseborough,criseboroughiu@furl.net,Corbet,1.52,0184 Rigney Terrace,(141) 8961688,Hunter2
Brocky,Athey,catheyiv@icq.com,Cinderella,3.46,686 Union Street,(586) 5776895,Password
Nari,Garraway,lgarrawayiw@berkeley.edu,Lorelei,1.14,5 Clarendon Pass,(264) 7439332,Passw0rd!
Marcelline,Di Pietro,sdipietroix@oakley.com,Stacey,2.81,96471 Muir Circle,(576) 7122828,Hunter2
Kimberly,Philps,xphilpsiy@spotify.com,Xylia,3.17,91419 Starling Court,(820) 8877774,Password
Annnora,Brixey,abrixeyiz@hubpages.com,Archibold,3.75,3 Carey Center,(645) 4681746,Passw0rd!
Lindsay,Cahey,rcaheyj0@ovh.net,Rab,1.34,1 Mayfield Trail,(148) 9011050,Hunter2
Austen,Lamerton,slamertonj1@shop-pro.jp,Stevie,2.98,33 Bay Alley,(995) 8746227,Password
Joshua,Whitaker,jwhitakerj2@unblog.fr,Jackquelin,3.81,070 Blackbird Terrace,(747) 1097428,Passw0rd!
Marlena,Godby,wgodbyj3@istockphoto.com,Wally,2.15,89655 Merchant Road,(784) 7747596,Hunter2
Beulah,Sheehan,rsheehanj4@loc.gov,Rusty,1.41,5899 Leroy Lane,(215) 6811882,Password
Beckie,Jaime,kjaimej5@gizmodo.com,Korney,4,90 Drewry Way,(246) 8499360,Passw0rd!
Patty,Wharf,mwharfj6@bbc.co.uk,Morgana,3.22,48030 Banding Drive,(732) 1789864,Hunter2
Jerry,Becerra,pbecerraj7@yelp.com,Paolina,1.14,1396 Prairieview Alley,(628) 1345070,Password
Aurilia,Oen,noenj8@huffingtonpost.com,Nonie,3.59,69110 Forest Dale Junction,(518) 8742567,Passw0rd!
Bond,Pierton,ppiertonj9@issuu.com,Pepita,3.26,5 Briar Crest Road,(988) 5035985,Hunter2
Auberon,Schuster,bschusterja@usnews.com,Budd,3.3,09 Hollow Ridge Crossing,(548) 9642671,Password
Clarette,Elcoate,telcoatejb@discovery.com,Theda,3.75,98 Hagan Road,(896) 5902744,Passw0rd!
Florina,Checketts,mcheckettsjc@scientificamerican.com,Maryanna,1.07,35 Mccormick Plaza,(981) 5555450,Hunter2
Elroy,Lindelof,rlindelofjd@ebay.co.uk,Rodolphe,2.44,6 Pine View Place,(653) 1504021,Password
Kin,Bedle,cbedleje@vistaprint.com,Carlyle,1.75,4 Orin Drive,(989) 4965460,Passw0rd!
Devland,Garvie,dgarviejf@google.co.uk,Dennet,2.45,59182 Sunfield Parkway,(124) 7058296,Hunter2
Rici,Bynold,jbynoldjg@un.org,Janey,3.07,153 Westport Junction,(886) 9737212,Password
Katerina,Lindop,alindopjh@geocities.com,Aurilia,0.15,0562 Bluestem Point,(442) 4019882,Passw0rd!
Ruperto,Golly,hgollyji@g.co,Haley,2.91,7 Anniversary Parkway,(385) 1656357,Hunter2
Bessy,Lillicrap,alillicrapjj@nhs.uk,Alberik,1.16,22625 Iowa Circle,(225) 4030643,Password
Ingeborg,Scarfe,mscarfejk@scribd.com,Melinde,1.98,07 Hauk Alley,(143) 8459665,Passw0rd!
Loella,Giacomuzzi,agiacomuzzijl@g.co,Ariel,0.85,311 Mallard Way,(743) 5816412,Hunter2
Koenraad,Hagart,bhagartjm@msu.edu,Brod,0.07,7859 Cody Point,(875) 8213202,Password
Anastasia,Rice,ericejn@unc.edu,Elfrieda,0.8,7882 Sullivan Pass,(860) 3015834,Passw0rd!
Geordie,Tunn,dtunnjo@myspace.com,Donia,3.01,467 Warbler Parkway,(263) 5905025,Hunter2
Una,Restieaux,krestieauxjp@ft.com,Katina,0.63,66479 Sage Court,(382) 4332377,Password
Prince,Geake,dgeakejq@vk.com,Delia,3.35,2491 Melvin Park,(621) 7945447,Passw0rd!
Samaria,Sibbson,qsibbsonjr@posterous.com,Quentin,0.23,53852 Jackson Road,(601) 6595801,Hunter2
Kerianne,Blakely,jblakelyjs@elegantthemes.com,Janaya,3.11,38522 Nevada Way,(643) 2899062,Password
Donnie,Cranch,acranchjt@bluehost.com,Aime,2.11,028 Mosinee Parkway,(690) 3478495,Passw0rd!
Scarlet,Zanassi,pzanassiju@bigcartel.com,Petronilla,2.35,7752 Gulseth Crossing,(158) 4837666,Hunter2
Nicol,Powe,bpowejv@nps.gov,Beryle,1.86,9 Rowland Lane,(358) 6137105,Password
Kizzie,Garlee,bgarleejw@ibm.com,Barnett,0.74,55 Farragut Court,(693) 7803973,Passw0rd!
Charlie,Slowey,ssloweyjx@howstuffworks.com,Silvain,2.85,7922 Coolidge Road,(822) 8623888,Hunter2
Johnna,Brackstone,cbrackstonejy@senate.gov,Cori,2.6,70 Di Loreto Alley,(194) 5346212,Password
Caprice,Issacoff,cissacoffjz@whitehouse.gov,Caralie,1.32,3673 Packers Avenue,(276) 7494073,Passw0rd!
Lyssa,Gallifont,rgallifontk0@shinystat.com,Riccardo,0.56,77087 East Avenue,(377) 9738282,Hunter2
Fredelia,Cadd,jcaddk1@cornell.edu,Jacqui,0.1,8 Glacier Hill Hill,(826) 6950769,Password
Felix,Bernade,mbernadek2@utexas.edu,Missy,3.31,1285 Summerview Plaza,(362) 3774994,Passw0rd!
Denni,Allsepp,mallseppk3@nifty.com,Maribel,2.95,252 Butternut Hill,(906) 4489277,Hunter2
Rawley,Izkoveski,eizkoveskik4@meetup.com,Elisabeth,3.94,6 Summer Ridge Circle,(953) 1714733,Password
Clayborne,Thing,fthingk5@google.pl,Fulton,2.03,30174 4th Road,(824) 8594384,Passw0rd!
Jasper,Baumler,bbaumlerk6@uol.com.br,Bron,0.01,5 Harbort Hill,(765) 1275750,Hunter2
Anny,Eddies,geddiesk7@indiegogo.com,Gabbie,1.39,610 East Junction,(990) 6463306,Password
Eleni,Galbraith,egalbraithk8@washington.edu,Esma,1.48,5718 Sunfield Point,(983) 8926064,Passw0rd!
Skipp,Wolfe,bwolfek9@si.edu,Bordy,3.24,4284 Summer Ridge Junction,(565) 3274502,Hunter2
Quintin,Casbon,gcasbonka@wp.com,Granger,3.53,080 Oriole Junction,(250) 1440932,Password
Eddie,Lewington,alewingtonkb@sciencedirect.com,Annabella,1.87,78431 Hovde Park,(675) 4483072,Passw0rd!
Helsa,Fairclough,jfaircloughkc@newyorker.com,Jewelle,1.7,1391 Steensland Lane,(414) 2570284,Hunter2
Helaine,O'Cullinane,iocullinanekd@stanford.edu,Ilsa,0.34,60916 Daystar Drive,(581) 3870713,Password
Suellen,Markie,gmarkieke@newsvine.com,Giselbert,0.03,233 Elgar Way,(652) 3492298,Passw0rd!
Stevena,Tresise,atresisekf@wired.com,Andras,0.75,30 Anniversary Street,(525) 8640369,Hunter2
Ainslie,Pine,dpinekg@themeforest.net,Daune,2.11,28 Sunbrook Pass,(810) 6728710,Password
Denys,MacRirie,mmacririekh@shop-pro.jp,Micky,2.57,435 Reindahl Trail,(575) 1382927,Passw0rd!
Korey,Giggie,ggiggieki@wunderground.com,Garey,3.04,6 Superior Lane,(317) 4400508,Hunter2
Zerk,Palumbo,bpalumbokj@over-blog.com,Benny,2.16,11 Gina Park,(642) 1302873,Password
Dante,Tomaschke,atomaschkekk@a8.net,Aurlie,3.05,0675 7th Road,(975) 5032422,Passw0rd!
Feliza,Burch,mburchkl@jimdo.com,Moll,3.36,2179 Montana Circle,(561) 7553703,Hunter2
Chadd,Dayes,ddayeskm@bing.com,Dorolisa,1.7,4411 Ridgeview Plaza,(517) 4320058,Password
Raffarty,Rowntree,browntreekn@businesswire.com,Ben,1.18,6719 Iowa Park,(809) 2692522,Passw0rd!
Fleur,Blood,kbloodko@zimbio.com,Kathrine,2.26,8 Laurel Lane,(413) 8031076,Hunter2
Lambert,Leighfield,dleighfieldkp@uiuc.edu,Dell,0.21,4828 Merchant Parkway,(408) 3015101,Password
Alfonso,Poundford,gpoundfordkq@booking.com,Gordie,0.96,1 Esch Junction,(841) 8268079,Passw0rd!
Darice,Lambol,plambolkr@mit.edu,Penelope,0.75,8632 Cambridge Junction,(358) 8083583,Hunter2
Alyosha,Rollings,hrollingsks@elegantthemes.com,Hardy,3.47,86118 Maple Drive,(266) 4367200,Password
Montague,Strathdee,bstrathdeekt@princeton.edu,Bartholemy,1.5,47 Corben Road,(377) 4782388,Passw0rd!
Odessa,Fenna,afennaku@yahoo.com,Anet,0.98,1 Doe Crossing Trail,(465) 8142015,Hunter2
Dasha,Cleghorn,wcleghornkv@who.int,Wolfy,3.11,4574 Grasskamp Junction,(950) 3459446,Password
Tersina,Oatley,doatleykw@slashdot.org,Dianemarie,2.05,586 Eliot Circle,(471) 5706499,Passw0rd!
Rubi,Stuchbury,pstuchburykx@go.com,Prinz,1.41,5580 Corry Hill,(380) 3903005,Hunter2
Hussein,Fitt,mfittky@pinterest.com,Micki,2.14,43546 Mesta Hill,(721) 2568219,Password
Viva,Bridat,ibridatkz@salon.com,Ingemar,3.62,13877 Warner Lane,(245) 7311433,Passw0rd!
Gillan,Woodrow,twoodrowl0@merriam-webster.com,Talyah,3.61,06 Claremont Plaza,(574) 6263403,Hunter2
Carmencita,Casbolt,pcasboltl1@weebly.com,Phylis,3.58,99 Surrey Crossing,(556) 1775172,Password
Hall,Crosetto,kcrosettol2@ibm.com,Keeley,2.1,1 Reindahl Lane,(772) 3313015,Passw0rd!
Tiff,Garnsworth,cgarnsworthl3@yellowpages.com,Cymbre,2.92,871 Miller Point,(575) 2678778,Hunter2
Kaitlynn,Phelp,qphelpl4@deliciousdays.com,Quint,0.96,82 Glendale Court,(722) 2886030,Password
Vilhelmina,Chaize,jchaizel5@cafepress.com,Jeane,1.4,414 Sundown Point,(163) 4894592,Passw0rd!
Kelwin,Steanson,vsteansonl6@mediafire.com,Verne,0.85,8 Dwight Terrace,(260) 4108017,Hunter2
Jenica,Coot,jcootl7@army.mil,Jasun,1.12,79740 Reinke Road,(714) 6000605,Password
Torr,Tarbett,rtarbettl8@yale.edu,Rodina,3.64,38 Springview Hill,(464) 4429841,Passw0rd!
Paulina,Kenwell,dkenwelll9@unc.edu,Darda,0.94,14 Starling Point,(823) 3462288,Hunter2
Jakie,Shivlin,rshivlinla@foxnews.com,Reginauld,2.09,6 Fallview Lane,(800) 9401092,Password
Devin,Christensen,mchristensenlb@discovery.com,Micki,0.66,8165 Katie Drive,(108) 6879788,Passw0rd!
Ola,McKeefry,amckeefrylc@nationalgeographic.com,Althea,0.45,17 Clyde Gallagher Point,(969) 2851536,Hunter2
Lorain,Goodboddy,vgoodboddyld@accuweather.com,Veronika,3.3,773 Ryan Crossing,(204) 6354836,Password
Janot,Tatters,stattersle@surveymonkey.com,Sutton,0.29,1913 Mesta Place,(747) 8463345,Passw0rd!
Ketti,Frotton,lfrottonlf@whitehouse.gov,Lanny,0.85,95 Morning Parkway,(969) 6361238,Hunter2
Yancey,Laurentino,glaurentinolg@ed.gov,Gannon,2.25,82733 Esch Circle,(654) 5520708,Password
Francesco,De Beauchamp,bdebeauchamplh@timesonline.co.uk,Bel,3.17,551 Ruskin Road,(628) 3721447,Passw0rd!
Dorolisa,Rupprecht,frupprechtli@jugem.jp,Fredric,2.02,79 Atwood Trail,(895) 2332743,Hunter2
Harriett,Matlock,amatlocklj@dailymail.co.uk,Andriette,1.66,27129 East Avenue,(703) 4142098,Password
Joaquin,Jeanon,vjeanonlk@freewebs.com,Valry,1.67,2623 Novick Circle,(778) 7104785,Passw0rd!
Sapphire,Shuter,sshuterll@marriott.com,Shermy,0.94,7921 Granby Drive,(931) 2921598,Hunter2
Marita,Fairy,afairylm@twitpic.com,Adan,3.51,872 Park Meadow Place,(331) 9172373,Password
Mackenzie,Gavaghan,ggavaghanln@spotify.com,Guenevere,0.45,75177 Moose Road,(378) 1266191,Passw0rd!
Worden,Stent,gstentlo@networkadvertising.org,Garik,0.61,406 Mosinee Crossing,(336) 6778909,Hunter2
Osbourn,Phelipeaux,zphelipeauxlp@techcrunch.com,Zackariah,3.2,8431 Quincy Circle,(910) 1502441,Password
Jilleen,Pawden,gpawdenlq@imgur.com,Goldia,1.09,97 Lien Drive,(134) 4315908,Passw0rd!
Abe,Stovin,ostovinlr@marketwatch.com,Ogdan,0.63,8 Westport Plaza,(477) 9860590,Hunter2
Rodrick,Bownas,bbownasls@eventbrite.com,Blair,1.26,7242 Dorton Plaza,(425) 9185425,Password
Enoch,Goldis,tgoldislt@state.gov,Timmi,3.02,08 Northridge Pass,(869) 5041596,Passw0rd!
Deb,Chelam,schelamlu@jigsy.com,Skippie,1.03,5 Anderson Trail,(192) 7532740,Hunter2
Enoch,Cruise,wcruiselv@alexa.com,Winni,0.85,9854 Cody Park,(283) 2335138,Password
Ginni,Derham,ederhamlw@msn.com,Evered,3.28,81141 Mayer Drive,(870) 4025979,Passw0rd!
Ciel,Capitano,ocapitanolx@usatoday.com,Oralla,3.52,197 Westridge Park,(386) 2055513,Hunter2
Jeromy,Collings,bcollingsly@bing.com,Barbette,3.06,0 Becker Avenue,(635) 6510894,Password
Sherwin,Fulbrook,hfulbrooklz@aol.com,Hobard,1.31,2164 Center Junction,(498) 3070233,Passw0rd!
Nollie,Dayley,edayleym0@ucsd.edu,Elisha,0.08,92 5th Point,(728) 3503135,Hunter2
Ann-marie,Pattisson,mpattissonm1@reference.com,Marion,0.37,172 Grim Pass,(445) 2041132,Password
Terri,Barford,abarfordm2@ebay.com,Annmaria,3.23,45 Brentwood Circle,(796) 3638692,Passw0rd!
Aloysia,Fidal,efidalm3@dailymail.co.uk,Edithe,3.21,6076 Pankratz Circle,(708) 1575000,Hunter2
Phoebe,Dibsdale,ldibsdalem4@nature.com,Levon,1.29,87011 Declaration Court,(948) 6669693,Password
Clare,Titchmarsh,ctitchmarshm5@telegraph.co.uk,Coraline,3.51,00 Westend Junction,(524) 5929636,Passw0rd!
Randa,Braemer,bbraemerm6@kickstarter.com,Bert,0.05,2 Maple Wood Avenue,(837) 6547707,Hunter2
Claudianus,Macia,kmaciam7@shutterfly.com,Khalil,2.5,099 Carey Pass,(518) 5250639,Password
Neils,Bilby,gbilbym8@delicious.com,Gordie,1.61,12623 Everett Pass,(318) 4841324,Passw0rd!
Gavan,Tyson,gtysonm9@webnode.com,Gerek,2.27,26 Anniversary Crossing,(160) 1410462,Hunter2
Joelie,Dietzler,edietzlerma@is.gd,Estella,0.88,90 Lotheville Lane,(532) 1381010,Password
Auroora,Hackney,shackneymb@theguardian.com,Symon,2.91,870 Lerdahl Circle,(860) 6058837,Passw0rd!
Huntley,Laugheran,alaugheranmc@bravesites.com,Annabal,2.12,9763 Northland Plaza,(448) 8724215,Hunter2
Sandie,Crepel,lcrepelmd@naver.com,Lisbeth,0.13,50 Bobwhite Alley,(627) 3808010,Password
Lawton,Dalzell,mdalzellme@discovery.com,Marcille,1.85,22205 Talmadge Point,(706) 7379584,Passw0rd!
Haleigh,Donnellan,ldonnellanmf@nba.com,Langston,0.89,94 Packers Avenue,(491) 8821137,Hunter2
Faina,Gravenell,jgravenellmg@webeden.co.uk,Joelly,3.53,121 Hudson Junction,(563) 9791169,Password
Isabel,McTrustrie,smctrustriemh@hibu.com,Shaina,2.51,14 Anthes Park,(214) 1689894,Passw0rd!
Mollee,Hurkett,dhurkettmi@icq.com,Dolorita,1.83,9516 Anzinger Trail,(553) 3288689,Hunter2
Nora,Josephoff,djosephoffmj@mit.edu,Devondra,2.25,78 Blaine Alley,(529) 5468152,Password
Ealasaid,Wyeld,pwyeldmk@scribd.com,Phebe,0.76,94532 Manley Place,(760) 3652075,Passw0rd!
Dusty,Bodocs,pbodocsml@soup.io,Pietra,1.99,4 Summerview Parkway,(682) 8282028,Hunter2
Talia,Strike,vstrikemm@istockphoto.com,Valentin,3.37,6 Westerfield Park,(320) 7346832,Password
Edgar,Barkshire,cbarkshiremn@sohu.com,Cecily,0.62,19306 Montana Avenue,(245) 8691647,Passw0rd!
Rance,Poon,vpoonmo@globo.com,Valentino,3.88,3 Bay Court,(292) 7992358,Hunter2
Briggs,Vogele,bvogelemp@ow.ly,Bert,3.47,5 Springs Place,(931) 4494071,Password
Jewel,Acuna,jacunamq@adobe.com,Jania,2.39,85449 Cordelia Road,(194) 7258203,Passw0rd!
Auguste,Borrill,kborrillmr@answers.com,Klara,3.82,26 Pepper Wood Road,(650) 6888982,Hunter2
Robbie,Gissing,sgissingms@comcast.net,Susie,3.22,47 Surrey Point,(247) 3468912,Password
Elvyn,Donner,rdonnermt@nba.com,Richardo,0.73,3 Stoughton Trail,(491) 7121733,Passw0rd!
Cullan,Greenroyd,hgreenroydmu@hp.com,Hayes,2.99,56 Havey Lane,(119) 9598375,Hunter2
Alys,Sweetenham,csweetenhammv@flavors.me,Clovis,3.78,920 North Avenue,(942) 4742144,Password
Kevin,Colvine,dcolvinemw@youtube.com,Devy,1.98,8769 Gateway Junction,(380) 6415380,Passw0rd!
Roxi,Maber,bmabermx@sbwire.com,Blake,2.67,70 Katie Park,(987) 4780080,Hunter2
Bryce,Costard,jcostardmy@purevolume.com,Jaquelin,1.01,38 Vera Park,(606) 9875645,Password
Salvatore,Oldnall,doldnallmz@github.com,Demetri,3.17,02305 Browning Point,(879) 5524468,Passw0rd!
Yurik,Chapell,achapelln0@furl.net,Ardath,1,31 Carey Avenue,(286) 4682580,Hunter2
Felice,Philcock,hphilcockn1@google.com.br,Harper,2.11,93815 Cody Terrace,(105) 8927951,Password
Arnuad,Desbrow,mdesbrown2@vk.com,Marie-ann,1.87,6160 Hintze Trail,(988) 2682017,Passw0rd!
Clemente,Piechnik,dpiechnikn3@cargocollective.com,Derrek,1.61,3 Quincy Court,(192) 5462120,Hunter2
Donnie,Syme,csymen4@msu.edu,Cherin,1.29,389 Ridgeway Trail,(873) 2244423,Password
Rory,Licence,clicencen5@microsoft.com,Corbett,3.24,1569 Farwell Park,(575) 5210967,Passw0rd!
Lorianne,Tuxill,ftuxilln6@free.fr,Fidela,1.04,6380 Arrowood Road,(402) 2929827,Hunter2
Constantin,Roan,croann7@1und1.de,Christa,2.31,7732 Merry Plaza,(886) 8856313,Password
Darcie,Lawfull,klawfulln8@i2i.jp,Korie,0.7,6763 Karstens Point,(351) 1560945,Passw0rd!
Willy,Southward,msouthwardn9@hugedomains.com,Maisey,1.78,704 Crescent Oaks Way,(809) 7921373,Hunter2
Jarib,Oldcote,goldcotena@reference.com,Gale,1.9,91380 Michigan Way,(852) 2950878,Password
Wallis,Rulf,rrulfnb@sbwire.com,Rodrick,1.41,89144 Summit Trail,(126) 2974914,Passw0rd!
Daphna,Serfati,qserfatinc@technorati.com,Quint,1.75,69759 Parkside Alley,(115) 2356423,Hunter2
Horace,Morteo,rmorteond@springer.com,Rip,0.85,2 Lotheville Circle,(739) 9789339,Password
Rodrigo,Galliford,lgallifordne@friendfeed.com,Lorrie,3.66,6 Northwestern Pass,(403) 1821804,Passw0rd!
Teresita,Heisman,cheismannf@nba.com,Christy,1.34,5 Pine View Court,(315) 9109474,Hunter2
Devy,Juares,ajuaresng@netscape.com,Alric,3.84,0937 Hagan Circle,(438) 8441239,Password
Lani,Pawlyn,cpawlynnh@taobao.com,Clo,2.09,8319 Sauthoff Pass,(189) 7831219,Passw0rd!
Cherye,Wetton,rwettonni@cisco.com,Roxanne,1.65,6345 Lillian Pass,(625) 2371654,Hunter2
Coralie,Aburrow,daburrownj@illinois.edu,Dallas,3.85,88244 Macpherson Road,(894) 7399767,Password
Frans,Breakey,abreakeynk@seattletimes.com,Arron,0.34,449 Esch Way,(318) 7475716,Passw0rd!
Bibbie,Larcier,llarciernl@exblog.jp,Lari,1.08,8570 Village Green Park,(640) 6464759,Hunter2
Hugo,Durtnel,mdurtnelnm@imdb.com,Mehetabel,1.34,72811 Jenna Court,(302) 6345077,Password
Chane,Scoon,pscoonnn@java.com,Pepito,2.98,293 2nd Way,(522) 9520306,Passw0rd!
Morissa,Gostridge,mgostridgeno@pcworld.com,Mercie,0.24,98 Hanson Alley,(323) 8644777,Hunter2
Boyce,Nicholas,mnicholasnp@google.ca,Mathew,2.36,421 Onsgard Avenue,(372) 8737586,Password
Jeth,By,jbynq@desdev.cn,Joshuah,0.64,0 Schurz Point,(939) 3552535,Passw0rd!
Augustus,Grogona,dgrogonanr@wordpress.org,Debi,0.34,4435 Magdeline Road,(594) 1433032,Hunter2
Kaycee,Puddephatt,bpuddephattns@deviantart.com,Brier,1.86,4 Grover Circle,(178) 9444315,Password
Davie,Bracchi,pbracchint@gravatar.com,Parker,3.23,3191 Maywood Trail,(132) 1712691,Passw0rd!
Jacquelynn,Asel,jaselnu@mapquest.com,Janey,2.64,98321 Myrtle Point,(126) 3144668,Hunter2
Lyell,Tousy,atousynv@usda.gov,Ariella,3.24,8 Dwight Park,(329) 5775152,Password
Meghann,Mawford,mmawfordnw@trellian.com,Marena,3.46,1115 Hoepker Hill,(915) 6017629,Passw0rd!
Hamid,Spaxman,zspaxmannx@baidu.com,Zorah,0.38,06 Di Loreto Center,(180) 2225401,Hunter2
Ali,Hails,dhailsny@mtv.com,Danyelle,2.84,2106 Roxbury Alley,(970) 5924487,Password
Doyle,Barcroft,kbarcroftnz@answers.com,Krissy,3.78,06 Service Center,(936) 1896228,Passw0rd!
Roseanne,Ballach,mballacho0@wiley.com,Madison,3.4,9883 Delaware Hill,(636) 5258764,Hunter2
Hendrika,Leigh,aleigho1@behance.net,Angie,3.94,6 Dahle Alley,(338) 9749018,Password
Zita,Durrett,gdurretto2@europa.eu,Gertie,3.33,4 Vera Terrace,(751) 6461830,Passw0rd!
Lorelei,Chafney,cchafneyo3@ebay.co.uk,Corinne,3.11,091 Pleasure Street,(420) 4126852,Hunter2
Daphne,Donkersley,ldonkersleyo4@diigo.com,Laney,3.57,178 Farmco Avenue,(539) 7753483,Password
Gabi,Corrado,rcorradoo5@newyorker.com,Reinhold,1.9,4724 Bowman Drive,(446) 1380266,Passw0rd!
Georg,Andrassy,sandrassyo6@usnews.com,Seward,3.85,343 Gale Terrace,(367) 7508699,Hunter2
Ronica,Zorzenoni,azorzenonio7@newyorker.com,Anatole,1.62,6 Arrowood Road,(939) 7673289,Password
Gael,Lamboll,vlambollo8@huffingtonpost.com,Veda,1.09,8791 Anzinger Alley,(751) 2609488,Passw0rd!
Yalonda,Birwhistle,kbirwhistleo9@google.co.uk,Kandy,3.26,799 Merrick Hill,(605) 4783083,Hunter2
Stanford,Morritt,amorrittoa@examiner.com,Ardys,2.9,1655 Sunfield Pass,(510) 9210195,Password
Cornelia,Pilfold,wpilfoldob@narod.ru,Walt,3.21,38811 Atwood Point,(917) 6859875,Passw0rd!
Sherilyn,Holyland,dholylandoc@nyu.edu,Donn,0.32,2 Coolidge Alley,(960) 8991439,Hunter2
Lil,Keyho,kkeyhood@eepurl.com,Kane,2.11,055 Talisman Circle,(908) 1678635,Password
Olly,Putt,eputtoe@networkadvertising.org,Elna,2.26,314 Michigan Hill,(427) 6445809,Passw0rd!
Zebedee,Ogdahl,togdahlof@adobe.com,Tabbatha,2.45,9 Rieder Plaza,(774) 5397860,Hunter2
Abelard,Scrase,sscraseog@ucoz.com,Stephine,3.11,9 Atwood Center,(317) 7505738,Password
Dorisa,Annets,wannetsoh@stumbleupon.com,Win,3.3,98451 Spohn Drive,(109) 6046331,Passw0rd!
Greg,Varlow,kvarlowoi@disqus.com,Kiersten,2.81,24 Gina Lane,(376) 2246944,Hunter2
Gweneth,Mc Kellen,cmckellenoj@independent.co.uk,Cris,0.67,0111 Southridge Place,(936) 6956712,Password
Joanna,Danilovic,edanilovicok@epa.gov,Enrika,2.27,36614 Bayside Junction,(300) 1861752,Passw0rd!
Mabel,Genny,dgennyol@linkedin.com,Dani,2.43,4045 Sundown Hill,(411) 9775757,Hunter2
Mickie,Barnewelle,abarnewelleom@goodreads.com,Ajay,2.77,0 Stoughton Junction,(998) 9236966,Password
Wood,Kempston,ckempstonon@studiopress.com,Carly,3.1,2 Meadow Valley Trail,(463) 7525542,Passw0rd!
Zachery,Guyer,rguyeroo@senate.gov,Ross,2.91,8968 Blue Bill Park Place,(640) 8134273,Hunter2
Goldi,Jarrad,hjarradop@earthlink.net,Hi,3.12,681 Union Center,(969) 7589767,Password
Jade,Rendall,arendalloq@archive.org,Adah,3.47,82870 Bluestem Alley,(146) 3270504,Passw0rd!
Rubin,Cutford,dcutfordor@squarespace.com,Darb,0.94,146 Darwin Court,(890) 1184033,Hunter2
Haskel,Schieferstein,hschiefersteinos@bing.com,Hannah,2.35,01 Division Avenue,(423) 1927552,Password
Bent,Skudder,kskudderot@vkontakte.ru,Kayne,1.43,71310 Merchant Avenue,(171) 1629180,Passw0rd!
Quentin,Elsworth,relsworthou@merriam-webster.com,Reeba,0.03,59 Sachtjen Street,(218) 1184327,Hunter2
Felecia,Romanin,rromaninov@nps.gov,Randee,1.73,25 Logan Pass,(934) 9118953,Password
Frayda,Driuzzi,pdriuzziow@google.cn,Parker,0.75,8597 Roxbury Lane,(489) 7235741,Passw0rd!
Sonnnie,Miroy,qmiroyox@apache.org,Quent,1.87,1487 Monument Park,(927) 7260940,Hunter2
Ninetta,Reddish,areddishoy@utexas.edu,Auroora,3.1,7287 Vermont Place,(151) 9159717,Password
Mord,Striker,astrikeroz@51.la,Althea,3.23,15 Mallory Junction,(228) 4804398,Passw0rd!
Redd,Riordan,mriordanp0@acquirethisname.com,Melisent,2.44,67351 Farmco Alley,(416) 1183500,Hunter2
Christel,Duffitt,uduffittp1@joomla.org,Ugo,0.89,9918 Fair Oaks Trail,(529) 7049221,Password
Oliviero,Juliff,rjuliffp2@example.com,Rockwell,3.21,2889 Loftsgordon Road,(840) 8273169,Passw0rd!
Delbert,Kretchmer,mkretchmerp3@apache.org,Marena,0.42,13 Grover Center,(924) 4120665,Hunter2
Vivien,Burman,sburmanp4@chronoengine.com,Stuart,2.77,5211 Charing Cross Lane,(783) 7087828,Password
Rutter,Ferraraccio,cferraracciop5@edublogs.org,Corri,2.75,5533 Bartillon Drive,(969) 1550471,Passw0rd!
Cortie,Briar,rbriarp6@weibo.com,Rey,3.99,15144 Sycamore Crossing,(525) 9487893,Hunter2
Moshe,Revance,rrevancep7@cbc.ca,Roseann,0.05,91 Banding Parkway,(555) 2024158,Password
Thatch,Rappport,prappportp8@wufoo.com,Pietrek,1.01,4208 Lawn Hill,(409) 3399394,Passw0rd!
Birgit,Ghirardi,vghirardip9@telegraph.co.uk,Vasili,0.18,36 Mandrake Center,(372) 4807702,Hunter2
Loy,Coffelt,mcoffeltpa@digg.com,Melonie,1.64,5288 Montana Alley,(718) 5346676,Password
Caresa,Ballendine,aballendinepb@livejournal.com,Arnie,1.46,59535 Kenwood Hill,(210) 7436898,Passw0rd!
Beau,Sherwin,lsherwinpc@sciencedaily.com,Lonnie,0.22,41 Goodland Junction,(657) 4747643,Hunter2
Dacie,Minocchi,aminocchipd@elpais.com,Ania,3.44,898 Lighthouse Bay Court,(343) 5211794,Password
Ashil,Dusey,hduseype@free.fr,Halli,1.34,65612 Sutteridge Park,(158) 1234826,Passw0rd!
Minne,Havvock,bhavvockpf@bigcartel.com,Beltran,2.65,1 Badeau Pass,(375) 4057923,Hunter2
Jacquelin,Maxwaile,gmaxwailepg@marketwatch.com,Gino,1.18,3 Eastwood Lane,(151) 9729807,Password
Fidelity,Awde,cawdeph@flavors.me,Clea,1.47,9729 Old Shore Park,(546) 4291976,Passw0rd!
Lisle,Schumacher,lschumacherpi@yellowbook.com,Lief,2.04,2 Mendota Lane,(410) 7983704,Hunter2
Nelle,Cosker,scoskerpj@oaic.gov.au,Steven,1.45,7 Cordelia Plaza,(796) 2452708,Password
Winne,Yashnov,ayashnovpk@craigslist.org,Aurelea,1.47,608 Weeping Birch Avenue,(572) 9439305,Passw0rd!
Caye,Dies,hdiespl@hibu.com,Harli,3.88,7839 Southridge Court,(548) 7088217,Hunter2
Nesta,Boam,wboampm@bbc.co.uk,Wittie,0.95,097 Colorado Street,(678) 9661861,Password
Pollyanna,De Biaggi,sdebiaggipn@addthis.com,Shay,0.55,1163 Heath Trail,(549) 8062680,Passw0rd!
Chevalier,Lestrange,llestrangepo@cnbc.com,Lilyan,1.39,196 Knutson Parkway,(385) 8419792,Hunter2
Gran,Novotne,lnovotnepp@utexas.edu,Lissa,2.4,21027 Arizona Circle,(778) 8824450,Password
Benoit,Nuth,wnuthpq@biglobe.ne.jp,Waylen,2.61,14276 Scofield Lane,(271) 6576974,Passw0rd!
Sidonnie,Huerta,dhuertapr@ustream.tv,Dominga,3.77,6270 Summer Ridge Trail,(230) 2099795,Hunter2
Stavro,Andreia,sandreiaps@salon.com,Sioux,0.81,85874 Kim Alley,(166) 9881439,Password
Benedict,Clemonts,kclemontspt@go.com,Karalee,3.35,916 Old Gate Place,(114) 1431663,Passw0rd!
Hayley,Bartolomeazzi,rbartolomeazzipu@sohu.com,Read,2.5,86 Eggendart Lane,(719) 7765044,Hunter2
Adriano,De Vaan,rdevaanpv@engadget.com,Rex,2.89,6694 Corry Street,(969) 3228018,Password
Inez,Abrami,pabramipw@ifeng.com,Percy,0.55,5894 Stone Corner Drive,(693) 5337078,Passw0rd!
Pauline,Raulston,graulstonpx@so-net.ne.jp,Ginger,2.3,92 Little Fleur Parkway,(355) 2669603,Hunter2
Hillard,Yokley,ayokleypy@wsj.com,Albrecht,2.62,45758 Division Park,(492) 2937921,Password
Malinda,Maving,cmavingpz@answers.com,Christalle,2.25,47 Raven Place,(936) 1555320,Passw0rd!
Ardene,Ickovicz,mickoviczq0@usgs.gov,Misty,1.6,55197 Cottonwood Way,(719) 5237226,Hunter2
Lorant,Tombs,itombsq1@behance.net,Ignacius,1.82,152 Laurel Plaza,(535) 2488264,Password
Rosamund,Doggrell,mdoggrellq2@slate.com,Murial,0.49,774 Cordelia Parkway,(529) 8351193,Passw0rd!
Dane,Pickwell,mpickwellq3@dyndns.org,Madelin,0.4,15 Walton Hill,(471) 4898135,Hunter2
Burke,Shortland,sshortlandq4@elpais.com,Shell,0.86,574 Autumn Leaf Parkway,(187) 7711501,Password
Kayle,Miners,aminersq5@icio.us,Adolf,0.3,07 Karstens Court,(747) 5223745,Passw0rd!
Malachi,Manie,dmanieq6@unesco.org,Debby,3.55,3814 Troy Plaza,(110) 9286370,Hunter2
Cleopatra,Stapford,bstapfordq7@engadget.com,Benjamin,0.08,40699 Glendale Junction,(293) 5311198,Password
Nicholas,Zammitt,jzammittq8@hostgator.com,Jacquenetta,2.81,56 Westend Crossing,(785) 5440956,Passw0rd!
Johnathan,Trayford,dtrayfordq9@prlog.org,Damara,1.62,07 Carey Drive,(280) 4025605,Hunter2
Jolene,Kettleson,mkettlesonqa@dagondesign.com,My,0.69,15 Longview Avenue,(708) 7079277,Password
Vlad,Vargas,avargasqb@ucoz.ru,Angeli,2.8,4577 Pepper Wood Way,(390) 1040313,Passw0rd!
Adlai,Garrand,zgarrandqc@nasa.gov,Zacharia,3,6267 Pine View Trail,(211) 3784104,Hunter2
Derrick,Vieyra,nvieyraqd@sbwire.com,Nickie,2.4,97 Comanche Point,(794) 9074338,Password
Manolo,Gason,tgasonqe@theglobeandmail.com,Trude,3.42,36 Chinook Drive,(320) 8133350,Passw0rd!
Morse,Wiggans,uwiggansqf@nhs.uk,Uriel,1.82,0 Little Fleur Hill,(265) 9894292,Hunter2
Aviva,MacCollom,emaccollomqg@sun.com,Eleanora,1.73,64413 Maple Wood Way,(359) 3180221,Password
Lucretia,Congreave,gcongreaveqh@comsenz.com,Gerrie,2.48,5541 Oak Valley Junction,(931) 9650784,Passw0rd!
Justina,Littefair,alittefairqi@domainmarket.com,Amalie,3.19,1 Ramsey Center,(513) 9881431,Hunter2
Mattheus,Kedwell,jkedwellqj@buzzfeed.com,Jamill,3.82,32 Bluejay Way,(150) 6930446,Password
Colver,Trench,htrenchqk@abc.net.au,Hildegarde,3.4,641 Algoma Pass,(680) 6292593,Passw0rd!
Hewitt,Brandreth,abrandrethql@sakura.ne.jp,Ash,1.78,4 Village Green Alley,(766) 8487135,Hunter2
Alverta,Matthias,smatthiasqm@phpbb.com,Stefanie,0.42,3494 Meadow Vale Place,(582) 4277696,Password
Berni,Van Son,wvansonqn@51.la,Wakefield,0.88,7 Trailsway Center,(568) 3469207,Passw0rd!
Artemas,Pinckstone,mpinckstoneqo@t-online.de,Marta,1.15,32511 Northwestern Trail,(518) 1504747,Hunter2
Elwood,Robers,rrobersqp@cloudflare.com,Ruth,1.85,22433 Kedzie Plaza,(165) 6246344,Password
Romola,Maclaine,jmaclaineqq@mapquest.com,Jessie,3.3,096 Rowland Road,(744) 7856300,Passw0rd!
Jamison,Mayers,rmayersqr@digg.com,Ruthy,0.12,3474 Hovde Center,(402) 2307380,Hunter2
Rachele,Okker,mokkerqs@networksolutions.com,Melanie,1.25,36313 Huxley Plaza,(729) 9581857,Password
Shandra,Burd,mburdqt@skyrock.com,Myrle,3.32,54 Ridgeway Point,(972) 7053376,Passw0rd!
Kacie,Dent,adentqu@google.com.hk,Antoni,2.74,39 Killdeer Terrace,(241) 3369968,Hunter2
Margette,Pitrasso,epitrassoqv@time.com,Ethelda,1.29,05 Rusk Road,(423) 2280434,Password
Vinita,Bearham,sbearhamqw@cnet.com,Sanford,0.28,35322 Shoshone Plaza,(182) 2318004,Passw0rd!
Sybilla,Gunbie,lgunbieqx@state.gov,Lezlie,3.23,00 Armistice Pass,(874) 5426999,Hunter2
Cassie,Ledner,blednerqy@constantcontact.com,Britta,0.19,62920 Bay Point,(598) 3616164,Password
Chrystal,Eastbrook,leastbrookqz@upenn.edu,Leshia,2.15,65 Columbus Crossing,(546) 3932935,Passw0rd!
Coriss,Andrysek,gandrysekr0@elegantthemes.com,Gerrie,2.43,85476 Swallow Circle,(256) 8786413,Hunter2
Ezekiel,Paynes,zpaynesr1@tinypic.com,Zara,0.93,256 Debs Lane,(196) 1930638,Password
Daile,Boken,gbokenr2@gmpg.org,Georgetta,3.57,196 Lotheville Center,(263) 7591266,Passw0rd!
Hillie,Milbank,gmilbankr3@xrea.com,Gauthier,0.15,6 Hoffman Crossing,(798) 7500310,Hunter2
Bill,Markova,imarkovar4@ucoz.com,Ignace,2.51,14 Merrick Circle,(490) 1054997,Password
Marylou,Puve,opuver5@mediafire.com,Odie,3.71,5012 Aberg Crossing,(177) 9732788,Passw0rd!
Eadith,Baylay,gbaylayr6@tinypic.com,Gretal,2.71,7 Mayfield Court,(432) 3716204,Hunter2
Phillipp,Olivelli,solivellir7@dropbox.com,Symon,0.1,08 Drewry Avenue,(192) 9565873,Password
Tobe,Litton,dlittonr8@acquirethisname.com,Dione,3.67,2 Killdeer Pass,(864) 4658668,Passw0rd!
Sharona,Fanthome,afanthomer9@joomla.org,Asia,1.4,0317 Rutledge Hill,(946) 9893615,Hunter2
Bogart,Hallaways,dhallawaysra@ucoz.ru,Delainey,0.04,0 Graedel Road,(792) 6727895,Password
Tobi,Gowanlock,mgowanlockrb@marriott.com,Marieann,2.4,1 Cottonwood Place,(161) 9015933,Passw0rd!
Dorian,Filippyev,gfilippyevrc@reference.com,Gustav,0.18,2696 Linden Center,(601) 1399019,Hunter2
Kennie,Iggulden,kigguldenrd@imdb.com,Kip,3.8,9 Clarendon Trail,(457) 1440969,Password
Astrix,Kubec,akubecre@state.tx.us,Allianora,3.09,1 Kedzie Terrace,(244) 5631581,Passw0rd!
Nora,Babin,rbabinrf@xinhuanet.com,Raeann,2.49,21095 Donald Place,(887) 3413023,Hunter2
Analise,Toye,dtoyerg@webeden.co.uk,Drud,0.63,8 Butterfield Circle,(201) 7244387,Password
Ely,Dennant,hdennantrh@howstuffworks.com,Harlan,3.48,9 Eliot Pass,(305) 5477743,Passw0rd!
Julie,Bindin,cbindinri@rediff.com,Chilton,3.21,998 Boyd Drive,(555) 5478558,Hunter2
Pascale,Pyott,dpyottrj@amazonaws.com,Darsie,0.56,0 Graedel Road,(527) 9837746,Password
Henryetta,Bonney,jbonneyrk@google.nl,Johnathan,1.63,87507 Little Fleur Pass,(568) 3899261,Passw0rd!
Barnard,Loughead,klougheadrl@google.es,Kasey,3.61,7 Gina Drive,(276) 1032732,Hunter2
Giles,Durtnall,gdurtnallrm@wikipedia.org,Gennifer,2.95,492 Hovde Crossing,(114) 7014415,Password
Waring,Murphey,tmurpheyrn@slashdot.org,Teodora,0.66,2 Green Ridge Street,(183) 7546772,Passw0rd!
Jerald,Jeannel,ojeannelro@miitbeian.gov.cn,Ola,2.29,27715 Green Center,(136) 1665719,Hunter2
Ahmed,Beuscher,gbeuscherrp@jimdo.com,Glennie,3.06,4288 Moulton Crossing,(408) 2743256,Password
Sianna,Gradly,bgradlyrq@yellowpages.com,Barth,3.72,641 Summer Ridge Court,(639) 2091481,Passw0rd!
Cloris,Aykroyd,faykroydrr@psu.edu,Frayda,3.53,0669 Dunning Junction,(899) 6615433,Hunter2